transportador_cpf_cnpj;tipo_conjunto;cavalo_placa;primeira_carreta_placa;segunda_carreta_placa;dolly_placa;prancha_placa;estados;comprimento;largura;altura;peso_total;observacoes
80432693000120;BITREM 9 eixos;RDT7J15;RAI1B75;RAI1B55;;;BA,DNIT,MG,PE,PR,SP;25.4;2.6;4.4;74.0;renovação
80432693000120;BITREM 9 eixos;RDT8D06;RAJ9A15;RAJ9A25;;;BA,DNIT,GO,PR;25.4;2.6;4.4;74.0;renovação
80432693000120;BITREM 9 eixos;REA3H84;RAI1A95;RAI1A25;;;BA,DNIT,MG,PE,PR,SP;25.4;2.6;4.4;74.0;renovação
80432693000120;BITREM 9 eixos;RKY2G84;RLA0E82;RLA0G22;;;BA,DNIT,MG,PE;25.4;2.6;4.4;74.0;renovação
80432693000120;BITREM 9 eixos;RLE9I47;RAI-5018;RAI-5258;;;BA,DNIT,GO,PR,SP;25.8;2.6;4.4;74.0;renovação
80432693000120;BITREM 9 eixos;RLI1I34;RLH3I62;RLH3I42;;;BA,DNIT,PA,PR,SP;25.4;2.6;4.4;74.0;renovação
80432693000120;BITREM 9 eixos;RLI1I34;RLH3I62;RLH3I42;;;BA,DNIT,PA,PR,SP;25.4;2.6;4.4;74.0;renovação
80432693000120;BITREM 9 eixos;RLI1J34;RLA0F82;RLA0G62;;;BA,DNIT,PA,PR,SP;25.4;2.6;4.4;74.0;renovação
80432693000120;BITREM 9 eixos;RLI2D94;RLK0A53;RLJ9D43;;;BA,DNIT,PA,PR,SP;25.4;2.6;4.4;74.0;renovação
80432693000120;BITREM 9 eixos;RLI2F84;RLH3I92;RLH3I72;;;BA,DNIT,PA,PR,SP;25.4;2.6;4.4;74.0;renovação
80432693000120;BITREM 9 eixos;RLI2G14;RLK1F53;RLK1E73;;;BA,DNIT,PA,PR,SP;25.4;2.6;4.4;74.0;renovação
80432693000120;BITREM 9 eixos;RXP0D18;RXP-6I18;RXP-6I38;;;BA,DNIT,GO,MG,PE,PR;25.4;2.6;4.4;74.0;renovação
80432693000120;BITREM 9 eixos;RXX8E69;RDV5H40;RDV6D70;;;BA,DNIT,MG,MS,PA,PE,PR;25.4;2.6;4.4;74.0;renovação
80432693000120;BITREM 9 eixos;RYW1C65;QII-5444;QII-5394;;;BA,DNIT,PE,PR,SP;25.5;2.6;4.4;74.0;renovação
80432693000120;BITREM 9 eixos;RYX4D36;RDV6F06;RDV5J86;;;BA,DNIT,GO,MG,PA,PE,PR,SP;25.4;2.6;4.4;74.0;renovação
80432693000120;BITREM 9 eixos;RYX4E36;QIM-7914;QIM-8414;;;BA,DNIT,GO,MG,PA,PE,PR,SP;25.5;2.6;4.4;74.0;renovação
80432693000120;BITREM 9 eixos;RYX8H05;RAG-3780;RAG-3790;;;BA,DNIT,PE,PR,SP,TO;29.7;2.6;4.4;74.0;renovação
80432693000120;BITREM 9 eixos;RYY1C25;RAG-3830;RAG-3840;;;BA,DNIT,PA,PE,PR,TO;29.7;2.6;4.4;74.0;renovação
80432693000120;BITREM 9 eixos;RYY2D95;RLK1D93;RLK4C23;;;BA,DNIT,MG,PA,PE,PR,SP;25.4;2.6;4.4;74.0;renovação
80432693000120;BITREM 9 eixos;RYY3A75;QJX-8053;QJX-8083;;;BA,DNIT,MG,PA,PE,PR,SP;25.7;2.6;4.4;74.0;renovação
80432693000120;BITREM 9 eixos;RYY3D05;QJX-2790;QJX-3480;;;BA,DNIT,MG,PE,PR,SP;29.7;2.6;4.4;74.0;renovação
80432693000120;BITREM 9 eixos;RYY3D35;QJO-3066;QJO-2736;;;BA,DNIT,MG,PA,PE,PR,SP,TO;29.7;2.6;4.4;74.0;renovação
80432693000120;BITREM 9 eixos;RYY3D65;RDT7D73;RDT7E03;;;BA,DNIT,MG,PE,PR,SP;25.4;2.6;4.4;74.0;renovação
80432693000120;BITREM 9 eixos;RYY3E35;RLH3J32;RLH3J12;;;BA,DNIT,MG,PA,PE,PR,SP;25.4;2.6;4.4;74.0;renovação
80432693000120;BITREM 9 eixos;RYY3E75;RDV5J06;RDV6F36;;;BA,DNIT,MG,PA,PE,PR,SP,TO;25.4;2.6;4.4;74.0;renovação
80432693000120;BITREM 9 eixos;RYY3E85;QJX-2670;QJW-6350;;;BA,DNIT,MG,PA,PE,PR,SP,TO;29.7;2.6;4.4;74.0;renovação
80432693000120;BITREM 9 eixos;RYY3F65;RLC0H16;RLC0H46;;;BA,DNIT,MG,PA,PE,PR,SP;25.4;2.6;4.4;74.0;renovação
80432693000120;BITREM 9 eixos;RYY3F85;RLJ9G36;RLJ4B36;;;BA,DNIT,MG,PA,PE,PR,SP;25.4;2.6;4.4;74.0;renovação
80432693000120;BITREM 9 eixos;RYY3G05;QJY-6360;QJX-4150;;;BA,DNIT,MG,PA,PE,PR,SP,TO;29.7;2.6;4.4;74.0;renovação
80432693000120;BITREM 9 eixos;RYY3G45;QJX-3313;QJX-3893;;;BA,DNIT,MG,PA,PE,PR,SP;25.7;2.6;4.4;74.0;renovação
80432693000120;BITREM 9 eixos;RYY3G95;RLF8F97;RLF8G97;;;BA,DNIT,MG,PA,PE,PR,SP,TO;26;2.6;4.4;74.0;renovação
80432693000120;BITREM 9 eixos;RYY3I06;RAJ9B35;RAJ9B45;;;BA,DNIT,GO,MG,PA,PE,PR,SP;25.4;2.6;4.4;74.0;renovação
80432693000120;BITREM 9 eixos;RYY3I16;RAJ9B85;RAJ9C45;;;BA,DNIT,GO,MG,PA,PE,PR,SP;25.4;2.6;4.4;74.0;renovação
80432693000120;BITREM 9 eixos;RYY3I36;QJC-9553;QJD-2753;;;BA,DNIT,GO,MG,PE,PR,SP;25.5;2.6;4.4;74.0;renovação
80432693000120;BITREM 9 eixos;RYY3I66;RAI-4858;RAI-4828;;;BA,DNIT,PR;25.8;2.6;4.4;74.0;renovação
80432693000120;BITREM 9 eixos;RYZ8A65;RLF-6D90;RLF-6B30;;;BA,DNIT,PA,PR,SP;25.4;2.6;4.4;74.0;renovação
80432693000120;BITREM 9 eixos;SXC2A24;REA7G24;REA7G14;;;BA,DNIT,MG,MS,PA,PE,PR,SP,TO;26;2.6;4.4;74.0;renovação
80432693000120;BITREM 9 eixos;SXC2A44;REA7F64;REA7F94;;;BA,DNIT,MG,PA,PE,PR,SP;26;2.6;4.4;74.0;renovação
80432693000120;BITREM 9 eixos;SXC2A64;REA7F84;REA7F54;;;BA,DNIT,MG,PA,PE,PR,SP;26;2.6;4.4;74.0;renovação
80432693000120;BITREM 9 eixos;SXC2A74;REA7F34;RLE4A27;;;BA,MS,PA,PR;26;2.6;4.4;74.0;renovação
80432693000120;BITREM 9 eixos;SXD8C14;RLF8G37;RLF8G57;;;BA,DNIT,MG,PA,PE,PR,SP;26;2.6;4.4;74.0;renovação
80432693000120;BITREM 9 eixos;SXD8C24;RAB-5185;RAB-4785;;;BA,DNIT,MG,PA,PE,PR,SP;26;2.6;4.4;74.0;renovação
80432693000120;BITREM 9 eixos;SXD8D64;RLK9B02;RLK9B12;;;BA,DNIT,MG,PA,PE,PR,SP;25.4;2.6;4.4;74.0;renovação
80432693000120;BITREM 9 eixos;SXD8E74;QJO-1894;QJO-1884;;;BA,DNIT,MG,PA,PE,PR,SP;25.7;2.6;4.4;74.0;renovação
80432693000120;BITREM 9 eixos;SXD8F74;REA7G44;REA7G34;;;BA,DNIT,MG,PA,PE,PR,SP;26;2.6;4.4;74.0;renovação
80432693000120;BITREM 9 eixos;SXD8G74;RAB-5285;RAB-5065;;;BA,DNIT,MG,PA,PE,PR,SP;26;2.6;4.4;74.0;renovação
80432693000120;BITREM 9 eixos;SXD9A64;RAB-5125;RAB-5075;;;BA,DNIT,MG,PA,PE,PR,SP;26;2.6;4.4;74.0;renovação
80432693000120;BITREM 9 eixos;SXD9C64;RLF7E37;RLF8F77;;;BA,DNIT,MG,PA,PE,PR,SP;26;2.6;4.4;74.0;renovação
80432693000120;BITREM 9 eixos;SXD9D34;RAJ8I65;RAJ8I85;;;BA,DNIT,MG,PA,PE,PR,SP,TO;25.4;2.6;4.4;74.0;renovação
80432693000120;BITREM 9 eixos;SXF2E25;RLC0I26;RLC0I56;;;BA,DNIT,PA,PE,PR,SP,TO;25.4;2.6;4.4;74.0;renovação
80432693000120;BITREM 9 eixos;SXF5G16;RAI0H85;RAI0E25;;;BA,GO,PE,PR,SP;25.3;2.6;4.4;74.0;renovação
80432693000120;BITREM 9 eixos;SXF5G56;RLI1A67;RLI1A77;;;BA,DNIT,GO,MG,PE,PR,SP,TO;25.4;2.6;4.4;74.0;renovação
80432693000120;BITREM 9 eixos;SXG1G64;QJX-3270;QJX-3870;;;BA,DNIT,MG,PA,PE,PR,SP;29.7;2.6;4.4;74.0;renovação
80432693000120;BITREM 9 eixos;SXG1G84;QJO-3156;QJO-2976;;;BA,DNIT,MG,PA,PE,PR,SP;29.7;2.6;4.4;74.0;renovação
80432693000120;BITREM 9 eixos;SXG1H14;QJX-2460;QJX-1650;;;BA,DNIT,MG,PA,PE,PR,SP;29.7;2.6;4.4;74.0;renovação
80432693000120;BITREM 9 eixos;SXG1I04;QJX-3760;QJW-9470;;;BA,DNIT,MG,PA,PE,PR,SP;29.7;2.6;4.4;74.0;renovação
80432693000120;BITREM 9 eixos;SXG1J14;RAJ8H35;RAJ8J55;;;BA,DNIT,MG,PA,PE,PR;25.4;2.6;4.4;74.0;renovação
80432693000120;BITREM 9 eixos;SXJ8D64;RLA0E18;RLA0D78;;;BA,DNIT,MG,PA,PE,PR,SP;25.4;2.6;4.4;74.0;renovação
80432693000120;BITREM 9 eixos;SXJ8D74;REA7G04;REA7F74;;;BA,DNIT,MG,PA,PE,PR,SP;26;2.6;4.4;74.0;renovação
80432693000120;BITREM 9 eixos;RDT0G99;RLI1A87;RLI1B27;;;DNIT;25.4;2.6;4.4;74.0;renovação
80432693000120;BITREM 9 eixos;RDT0J89;RLI0I47;RLI0I87;;;DNIT;25.4;2.6;4.4;74.0;renovação
80432693000120;BITREM 9 eixos;RDT7J15;RAI1B75;RAI1B55;;;BA,DNIT,MG,PE,PR,SP;25.4;2.6;4.4;74.0;renovação
80432693000120;BITREM 9 eixos;RDT8D06;RAJ9A15;RAJ9A25;;;BA,DNIT,GO,PR;25.4;2.6;4.4;74.0;renovação
80432693000120;BITREM 9 eixos;RDT8F26;RDV6G36;RDV6H26;;;DNIT,GO,MG;25.4;2.6;4.4;74.0;renovação
80432693000120;BITREM 9 eixos;RDY0J29;RDZ4E19;RDZ3H29;;;DNIT;25.4;2.6;4.4;74.0;renovação
80432693000120;BITREM 9 eixos;REA3B54;QIS2343;QIS2093;;;DNIT;25.4;2.6;4.4;74.0;renovação
80432693000120;BITREM 9 eixos;REA3B84;RAJ9C75;RAJ9C85;;;DNIT,PE,PR;25.4;2.6;4.4;74.0;renovação
80432693000120;BITREM 9 eixos;REA3H84;RAI1A95;RAI1A25;;;BA,DNIT,MG,PE,PR,SP;25.4;2.6;4.4;74.0;renovação
80432693000120;BITREM 9 eixos;RKY2E64;RDX4E10;RDX4C90;;;DNIT,MG,PA,PR;25.4;2.6;4.4;74.0;renovação
80432693000120;BITREM 9 eixos;RKY2F14;RDX3I70;RDX3I30;;;DNIT,MG,PA,PR;25.4;2.6;4.4;74.0;renovação
80432693000120;BITREM 9 eixos;RKY2F44;RDX4F60;RDX4E80;;;DNIT,MG,PA,PR;25.4;2.6;4.4;74.0;renovação
80432693000120;BITREM 9 eixos;RKY2F64;RDX4C60;RDX4C10;;;DNIT,PA,PR;25.4;2.6;4.4;74.0;renovação
80432693000120;BITREM 9 eixos;RKY2F94;RLA0D02;RLA0D62;;;DNIT,MG;25.4;2.6;4.4;74.0;renovação
80432693000120;BITREM 9 eixos;RKY2G24;RLA0E32;RLA0E02;;;DNIT,MG,PA;25.4;2.6;4.4;74.0;renovação
80432693000120;BITREM 9 eixos;RKY2G84;RLA0E82;RLA0G22;;;BA,DNIT,MG,PE;25.4;2.6;4.4;74.0;renovação
80432693000120;BITREM 9 eixos;RKY8C68;RLI0F47;RLI0H37;;;DNIT,GO;25.4;2.6;4.4;74.0;renovação
80432693000120;BITREM 9 eixos;RKY8E18;RLI1A07;RLI1A37;;;DNIT,GO;25.4;2.6;4.4;74.0;renovação
80432693000120;BITREM 9 eixos;RKY8E38;RLH9F97;RLH9F77;;;DNIT,GO;25.4;2.6;4.4;74.0;renovação
80432693000120;BITREM 9 eixos;RKY8E88;RLH9G87;RLH6D67;;;DNIT,GO;25.4;2.6;4.4;74.0;renovação
80432693000120;BITREM 9 eixos;RLE9I47;RAI-5018;RAI-5258;;;BA,DNIT,GO,PR,SP;25.8;2.6;4.4;74.0;renovação
80432693000120;BITREM 9 eixos;RLG9G45;RLJ4I46;RLJ4I56;;;DNIT,PE;25.4;2.6;4.4;74.0;renovação
80432693000120;BITREM 9 eixos;RLG9H15;RLJ5C66;RLJ5C36;;;DNIT,PE;25.4;2.6;4.4;74.0;renovação
80432693000120;BITREM 9 eixos;RLG9I45;RLJ5A96;RLJ5A36;;;DNIT,PE;25.4;2.6;4.4;74.0;renovação
80432693000120;BITREM 9 eixos;RLH0C35;RLJ4J26;RLJ4J46;;;DNIT,PE;25.4;2.6;4.4;74.0;renovação
80432693000120;BITREM 9 eixos;RLH0D35;RLJ5B46;RLJ5B06;;;DNIT;25.4;2.6;4.4;74.0;renovação
80432693000120;BITREM 9 eixos;RLI1I34;RLH3I62;RLH3I42;;;BA,DNIT,PA,PR,SP;25.4;2.6;4.4;74.0;renovação
80432693000120;BITREM 9 eixos;RLI1I34;RLH3I62;RLH3I42;;;BA,DNIT,PA,PR,SP;25.4;2.6;4.4;74.0;renovação
80432693000120;BITREM 9 eixos;RLI1J34;RLA0F82;RLA0G62;;;BA,DNIT,PA,PR,SP;25.4;2.6;4.4;74.0;renovação
80432693000120;BITREM 9 eixos;RLI2D94;RLK0A53;RLJ9D43;;;BA,DNIT,PA,PR,SP;25.4;2.6;4.4;74.0;renovação
80432693000120;BITREM 9 eixos;RLI2F84;RLH3I92;RLH3I72;;;BA,DNIT,PA,PR,SP;25.4;2.6;4.4;74.0;renovação
80432693000120;BITREM 9 eixos;RLI2G14;RLK1F53;RLK1E73;;;BA,DNIT,PA,PR,SP;25.4;2.6;4.4;74.0;renovação
80432693000120;BITREM 9 eixos;RLJ4G06;RLJ5C06;RLJ5B66;;;DNIT,GO,PE;25.4;2.6;4.4;74.0;renovação
80432693000120;BITREM 9 eixos;RLJ4G36;RLJ4J86;RLJ4J96;;;DNIT,GO,PE,PR;25.4;2.6;4.4;74.0;renovação
80432693000120;BITREM 9 eixos;RLJ4G46;RLJ4I06;RLJ4I16;;;DNIT,GO,PE,PR;25.4;2.6;4.4;74.0;renovação
80432693000120;BITREM 9 eixos;RXP0D18;RXP-6I18;RXP-6I38;;;BA,DNIT,GO,MG,PE,PR;25.4;2.6;4.4;74.0;renovação
80432693000120;BITREM 9 eixos;RXX8E69;RDV5H40;RDV6D70;;;BA,DNIT,MG,MS,PA,PE,PR;25.4;2.6;4.4;74.0;renovação
80432693000120;BITREM 9 eixos;RYW1C65;QII-5444;QII-5394;;;BA,DNIT,PE,PR,SP;25.5;2.6;4.4;74.0;renovação
80432693000120;BITREM 9 eixos;RYX4D36;RDV6F06;RDV5J86;;;BA,DNIT,GO,MG,PA,PE,PR,SP;25.4;2.6;4.4;74.0;renovação
80432693000120;BITREM 9 eixos;RYX4E36;QIM-7914;QIM-8414;;;BA,DNIT,GO,MG,PA,PE,PR,SP;25.5;2.6;4.4;74.0;renovação
80432693000120;BITREM 9 eixos;RYX8H05;RAG-3780;RAG-3790;;;BA,DNIT,PE,PR,SP,TO;29.7;2.6;4.4;74.0;renovação
80432693000120;BITREM 9 eixos;RYY1C25;RAG-3830;RAG-3840;;;BA,DNIT,PA,PE,PR,TO;29.7;2.6;4.4;74.0;renovação
80432693000120;BITREM 9 eixos;RYY2D95;RLK1D93;RLK4C23;;;BA,DNIT,MG,PA,PE,PR,SP;25.4;2.6;4.4;74.0;renovação
80432693000120;BITREM 9 eixos;RYY3A75;QJX-8053;QJX-8083;;;BA,DNIT,MG,PA,PE,PR,SP;25.7;2.6;4.4;74.0;renovação
80432693000120;BITREM 9 eixos;RYY3D05;QJX-2790;QJX-3480;;;BA,DNIT,MG,PE,PR,SP;29.7;2.6;4.4;74.0;renovação
80432693000120;BITREM 9 eixos;RYY3D35;QJO-3066;QJO-2736;;;BA,DNIT,MG,PA,PE,PR,SP,TO;29.7;2.6;4.4;74.0;renovação
80432693000120;BITREM 9 eixos;RYY3D65;RDT7D73;RDT7E03;;;BA,DNIT,MG,PE,PR,SP;25.4;2.6;4.4;74.0;renovação
80432693000120;BITREM 9 eixos;RYY3E35;RLH3J32;RLH3J12;;;BA,DNIT,MG,PA,PE,PR,SP;25.4;2.6;4.4;74.0;renovação
80432693000120;BITREM 9 eixos;RYY3E75;RDV5J06;RDV6F36;;;BA,DNIT,MG,PA,PE,PR,SP,TO;25.4;2.6;4.4;74.0;renovação
80432693000120;BITREM 9 eixos;RYY3E85;QJX-2670;QJW-6350;;;BA,DNIT,MG,PA,PE,PR,SP,TO;29.7;2.6;4.4;74.0;renovação
80432693000120;BITREM 9 eixos;RYY3F65;RLC0H16;RLC0H46;;;BA,DNIT,MG,PA,PE,PR,SP;25.4;2.6;4.4;74.0;renovação
80432693000120;BITREM 9 eixos;RYY3F85;RLJ9G36;RLJ4B36;;;BA,DNIT,MG,PA,PE,PR,SP;25.4;2.6;4.4;74.0;renovação
80432693000120;BITREM 9 eixos;RYY3G05;QJY-6360;QJX-4150;;;BA,DNIT,MG,PA,PE,PR,SP,TO;29.7;2.6;4.4;74.0;renovação
80432693000120;BITREM 9 eixos;RYY3G45;QJX-3313;QJX-3893;;;BA,DNIT,MG,PA,PE,PR,SP;25.7;2.6;4.4;74.0;renovação
80432693000120;BITREM 9 eixos;RYY3G95;RLF8F97;RLF8G97;;;BA,DNIT,MG,PA,PE,PR,SP,TO;26;2.6;4.4;74.0;renovação
80432693000120;BITREM 9 eixos;RYY3I06;RAJ9B35;RAJ9B45;;;BA,DNIT,GO,MG,PA,PE,PR,SP;25.4;2.6;4.4;74.0;renovação
80432693000120;BITREM 9 eixos;RYY3I16;RAJ9B85;RAJ9C45;;;BA,DNIT,GO,MG,PA,PE,PR,SP;25.4;2.6;4.4;74.0;renovação
80432693000120;BITREM 9 eixos;RYY3I36;QJC-9553;QJD-2753;;;BA,DNIT,GO,MG,PE,PR,SP;25.5;2.6;4.4;74.0;renovação
80432693000120;BITREM 9 eixos;RYY3I66;RAI-4858;RAI-4828;;;BA,DNIT,PR;25.8;2.6;4.4;74.0;renovação
80432693000120;BITREM 9 eixos;RYZ8A65;RLF-6D90;RLF-6B30;;;BA,DNIT,PA,PR,SP;25.4;2.6;4.4;74.0;renovação
80432693000120;BITREM 9 eixos;SXC2A24;REA7G24;REA7G14;;;BA,DNIT,MG,MS,PA,PE,PR,SP,TO;26;2.6;4.4;74.0;renovação
80432693000120;BITREM 9 eixos;SXC2A44;REA7F64;REA7F94;;;BA,DNIT,MG,PA,PE,PR,SP;26;2.6;4.4;74.0;renovação
80432693000120;BITREM 9 eixos;SXC2A64;REA7F84;REA7F54;;;BA,DNIT,MG,PA,PE,PR,SP;26;2.6;4.4;74.0;renovação
80432693000120;BITREM 9 eixos;SXD8C14;RLF8G37;RLF8G57;;;BA,DNIT,MG,PA,PE,PR,SP;26;2.6;4.4;74.0;renovação
80432693000120;BITREM 9 eixos;SXD8C24;RAB-5185;RAB-4785;;;BA,DNIT,MG,PA,PE,PR,SP;26;2.6;4.4;74.0;renovação
80432693000120;BITREM 9 eixos;SXD8D64;RLK9B02;RLK9B12;;;BA,DNIT,MG,PA,PE,PR,SP;25.4;2.6;4.4;74.0;renovação
80432693000120;BITREM 9 eixos;SXD8E74;QJO-1894;QJO-1884;;;BA,DNIT,MG,PA,PE,PR,SP;25.7;2.6;4.4;74.0;renovação
80432693000120;BITREM 9 eixos;SXD8F74;REA7G44;REA7G34;;;BA,DNIT,MG,PA,PE,PR,SP;26;2.6;4.4;74.0;renovação
80432693000120;BITREM 9 eixos;SXD8G74;RAB-5285;RAB-5065;;;BA,DNIT,MG,PA,PE,PR,SP;26;2.6;4.4;74.0;renovação
80432693000120;BITREM 9 eixos;SXD9A64;RAB-5125;RAB-5075;;;BA,DNIT,MG,PA,PE,PR,SP;26;2.6;4.4;74.0;renovação
80432693000120;BITREM 9 eixos;SXD9C64;RLF7E37;RLF8F77;;;BA,DNIT,MG,PA,PE,PR,SP;26;2.6;4.4;74.0;renovação
80432693000120;BITREM 9 eixos;SXD9D34;RAJ8I65;RAJ8I85;;;BA,DNIT,MG,PA,PE,PR,SP,TO;25.4;2.6;4.4;74.0;renovação
80432693000120;BITREM 9 eixos;SXF2E25;RLC0I26;RLC0I56;;;BA,DNIT,PA,PE,PR,SP,TO;25.4;2.6;4.4;74.0;renovação
80432693000120;BITREM 9 eixos;SXF5G26;RAB-5335;RAB-3045;;;DNIT,GO,MG,PA,PE,PR,SP;26;2.6;4.4;74.0;renovação
80432693000120;BITREM 9 eixos;SXF5G56;RLI1A67;RLI1A77;;;BA,DNIT,GO,MG,PE,PR,SP,TO;25.4;2.6;4.4;74.0;renovação
80432693000120;BITREM 9 eixos;SXG1G64;QJX-3270;QJX-3870;;;BA,DNIT,MG,PA,PE,PR,SP;29.7;2.6;4.4;74.0;renovação
80432693000120;BITREM 9 eixos;SXG1G84;QJO-3156;QJO-2976;;;BA,DNIT,MG,PA,PE,PR,SP;29.7;2.6;4.4;74.0;renovação
80432693000120;BITREM 9 eixos;SXG1H14;QJX-2460;QJX-1650;;;BA,DNIT,MG,PA,PE,PR,SP;29.7;2.6;4.4;74.0;renovação
80432693000120;BITREM 9 eixos;SXG1I04;QJX-3760;QJW-9470;;;BA,DNIT,MG,PA,PE,PR,SP;29.7;2.6;4.4;74.0;renovação
80432693000120;BITREM 9 eixos;SXG1J14;RAJ8H35;RAJ8J55;;;BA,DNIT,MG,PA,PE,PR;25.4;2.6;4.4;74.0;renovação
80432693000120;BITREM 9 eixos;SXJ8D64;RLA0E18;RLA0D78;;;BA,DNIT,MG,PA,PE,PR,SP;25.4;2.6;4.4;74.0;renovação
80432693000120;BITREM 9 eixos;SXJ8D74;REA7G04;REA7F74;;;BA,DNIT,MG,PA,PE,PR,SP;26;2.6;4.4;74.0;renovação
80432693000120;BITREM 9 eixos;RDT8D06;RAJ9A15;RAJ9A25;;;BA,DNIT,GO,PR;25.4;2.6;4.4;74.0;renovação
80432693000120;BITREM 9 eixos;RDT8F26;RDV6G36;RDV6H26;;;DNIT,GO,MG;25.4;2.6;4.4;74.0;renovação
80432693000120;BITREM 9 eixos;RKY8C68;RLI0F47;RLI0H37;;;DNIT,GO;25.4;2.6;4.4;74.0;renovação
80432693000120;BITREM 9 eixos;RKY8E18;RLI1A07;RLI1A37;;;DNIT,GO;25.4;2.6;4.4;74.0;renovação
80432693000120;BITREM 9 eixos;RKY8E38;RLH9F97;RLH9F77;;;DNIT,GO;25.4;2.6;4.4;74.0;renovação
80432693000120;BITREM 9 eixos;RKY8E88;RLH9G87;RLH6D67;;;DNIT,GO;25.4;2.6;4.4;74.0;renovação
80432693000120;BITREM 9 eixos;RLE4E07;RDV6B56;RDV6C76;;;GO;26;2.6;4.4;74.0;renovação
80432693000120;BITREM 9 eixos;RLE9I47;RAI-5018;RAI-5258;;;BA,DNIT,GO,PR,SP;25.8;2.6;4.4;74.0;renovação
80432693000120;BITREM 9 eixos;RLE9I77;REA7F34;RLE4A27;;;GO;26;2.6;4.4;74.0;renovação
80432693000120;BITREM 9 eixos;RLE9I97;QJX6033;QJX8203;;;GO,PA;26;2.6;4.4;74.0;renovação
80432693000120;BITREM 9 eixos;RLE9J27;MME0684;MME0644;;;GO,PA;26;2.6;4.4;74.0;renovação
80432693000120;BITREM 9 eixos;RLJ4G06;RLJ5C06;RLJ5B66;;;DNIT,GO,PE;25.4;2.6;4.4;74.0;renovação
80432693000120;BITREM 9 eixos;RLJ4G36;RLJ4J86;RLJ4J96;;;DNIT,GO,PE,PR;25.4;2.6;4.4;74.0;renovação
80432693000120;BITREM 9 eixos;RLJ4G46;RLJ4I06;RLJ4I16;;;DNIT,GO,PE,PR;25.4;2.6;4.4;74.0;renovação
80432693000120;BITREM 9 eixos;RLJ4H16;QIJ7085;QIM8905;;;GO;25.5;2.6;4.4;74.0;renovação
80432693000120;BITREM 9 eixos;RXO9I78;RLP9G76;RLP9F36;;;GO;25.4;2.6;4.4;74.0;renovação
80432693000120;BITREM 9 eixos;RXO9J08;RXS2B67;RXS2B47;;;GO;25.4;2.6;4.4;74.0;renovação
80432693000120;BITREM 9 eixos;RXO9J78;RLP8J76;RLP8I86;;;GO;25.4;2.6;4.4;74.0;renovação
80432693000120;BITREM 9 eixos;RXP0A28;RLF7J20;RLF7I90;;;GO;25.4;2.6;4.4;74.0;renovação
80432693000120;BITREM 9 eixos;RXP0A68;RLF8F10;RLF8E40;;;GO,MG;25.4;2.6;4.4;74.0;renovação
80432693000120;BITREM 9 eixos;RXP0A88;RLF7G40;RLF7G30;;;GO;25.4;2.6;4.4;74.0;renovação
80432693000120;BITREM 9 eixos;RXP0B08;RXP6H08;RXP6H48;;;GO;25.4;2.6;4.4;74.0;renovação
80432693000120;BITREM 9 eixos;RXP0B98;RLF0B20;RLF6H20;;;GO;25.4;2.6;4.4;74.0;renovação
80432693000120;BITREM 9 eixos;RXP0C28;RLP8H76;RLP8H16;;;GO;25.4;2.6;4.4;74.0;renovação
80432693000120;BITREM 9 eixos;RXP0C68;RLF7F80;RLF7F70;;;GO;25.4;2.6;4.4;74.0;renovação
80432693000120;BITREM 9 eixos;RXP0D18;RXP-6I18;RXP-6I38;;;BA,DNIT,GO,MG,PE,PR;25.4;2.6;4.4;74.0;renovação
80432693000120;BITREM 9 eixos;RXP0D38;RXP7B08;RXP7B38;;;GO;25.4;2.6;4.4;74.0;renovação
80432693000120;BITREM 9 eixos;RXP0D68;RXS2D27;RXS1I37;;;GO;25.4;2.6;4.4;74.0;renovação
80432693000120;BITREM 9 eixos;RXP0E28;RXS2C47;RXS2C27;;;GO;25.4;2.6;4.4;74.0;renovação
80432693000120;BITREM 9 eixos;RXP0E38;RXP5A88;RXP6I68;;;GO;25.4;2.6;4.4;74.0;renovação
80432693000120;BITREM 9 eixos;RXP0E48;RXP7B48;RXP7B68;;;GO;25.4;2.6;4.4;74.0;renovação
80432693000120;BITREM 9 eixos;RXP0E58;RLF8B30;RLF8B10;;;GO;25.4;2.6;4.4;74.0;renovação
80432693000120;BITREM 9 eixos;RXP0E78;RXS2B27;RXS2A97;;;GO;25.4;2.6;4.4;74.0;renovação
80432693000120;BITREM 9 eixos;RXP0E98;RLE9G10;RLF7G80;;;GO;25.4;2.6;4.4;74.0;renovação
80432693000120;BITREM 9 eixos;RXP0F18;RLF7J50;RLF7J30;;;GO;25.4;2.6;4.4;74.0;renovação
80432693000120;BITREM 9 eixos;RXP0F88;RXP6I78;RXP6J18;;;GO;25.4;2.6;4.4;74.0;renovação
80432693000120;BITREM 9 eixos;RXP0G28;RXS1I57;RXS1I67;;;GO;25.4;2.6;4.4;74.0;renovação
80432693000120;BITREM 9 eixos;RXP0G38;RLF7B20;RLF7J90;;;GO;25.4;2.6;4.4;74.0;renovação
80432693000120;BITREM 9 eixos;RXP0G68;RLF7I20;RLF7H60;;;GO;25.4;2.6;4.4;74.0;renovação
80432693000120;BITREM 9 eixos;RXP0G78;RXS2C07;RXS2B97;;;GO;25.4;2.6;4.4;74.0;renovação
80432693000120;BITREM 9 eixos;RXP0G98;RXP6H88;RXP6H98;;;GO;25.4;2.6;4.4;74.0;renovação
80432693000120;BITREM 9 eixos;RXP0H08;RLP8G96;RLP8G76;;;GO;25.4;2.6;4.4;74.0;renovação
80432693000120;BITREM 9 eixos;RXP0H28;RXS2A77;RXS1J57;;;GO;25.4;2.6;4.4;74.0;renovação
80432693000120;BITREM 9 eixos;RXP0H38;RXP6J48;RXP6J78;;;GO;25.4;2.6;4.4;74.0;renovação
80432693000120;BITREM 9 eixos;RXP0H58;RLP9F06;RLP9E66;;;GO;25.4;2.6;4.4;74.0;renovação
80432693000120;BITREM 9 eixos;RXP0H68;RXP6H58;RXP6H68;;;GO;25.4;2.6;4.4;74.0;renovação
80432693000120;BITREM 9 eixos;RXP0H88;RLF8C70;RLF8C30;;;GO;25.4;2.6;4.4;74.0;renovação
80432693000120;BITREM 9 eixos;RXP0H98;RXS1B77;RXS2D07;;;GO;25.4;2.6;4.4;74.0;renovação
80432693000120;BITREM 9 eixos;RXP0I18;RLF7G60;RLF7G50;;;GO;25.4;2.6;4.4;74.0;renovação
80432693000120;BITREM 9 eixos;RXP0I28;RXP6F28;RXP6F58;;;GO;25.4;2.6;4.4;74.0;renovação
80432693000120;BITREM 9 eixos;RXP0I38;RLF7H40;RLF7H20;;;GO;25.4;2.6;4.4;74.0;renovação
80432693000120;BITREM 9 eixos;RXP0I48;RXP6J88;RXP7A18;;;GO;25.4;2.6;4.4;74.0;renovação
80432693000120;BITREM 9 eixos;RXP0I68;RLP9D96;RLP9C46;;;GO;25.4;2.6;4.4;74.0;renovação
80432693000120;BITREM 9 eixos;RXP0I78;RLF7G20;RLF7F90;;;GO;25.4;2.6;4.4;74.0;renovação
80432693000120;BITREM 9 eixos;RXP0I98;RXP6G48;RXP6G78;;;GO;25.4;2.6;4.4;74.0;renovação
80432693000120;BITREM 9 eixos;RXP0J08;RXP7A38;RXP7A58;;;GO;25.4;2.6;4.4;74.0;renovação
80432693000120;BITREM 9 eixos;RXP0J58;RXS2C77;RXS2C67;;;GO;25.4;2.6;4.4;74.0;renovação
80432693000120;BITREM 9 eixos;RYA9A48;QJL6275;QJL5355;;;GO;25.5;2.6;4.4;74.0;renovação
80432693000120;BITREM 9 eixos;RYB5H18;RXS1I47;RXS1J17;;;GO;25.5;2.6;4.4;74.0;renovação
80432693000120;BITREM 9 eixos;RYB6B78;QIF5693;QIF5723;;;GO;25.5;2.6;4.4;74.0;renovação
80432693000120;BITREM 9 eixos;RYB6H58;QJE2992;QJE3102;;;GO;25.5;2.6;4.4;74.0;renovação
80432693000120;BITREM 9 eixos;RYB6I08;RXP6F68;RXP6G28;;;GO;25.5;2.6;4.4;74.0;renovação
80432693000120;BITREM 9 eixos;RYB7E68;RAB5155;RAB5175;;;GO;26;2.6;4.4;74.0;renovação
80432693000120;BITREM 9 eixos;RYB7G78;RLF8A70;RLF8A20;;;GO,MS;25.5;2.6;4.4;74.0;renovação
80432693000120;BITREM 9 eixos;RYB7I38;RLA0B38;RLA0B28;;;GO;25.4;2.6;4.4;74.0;renovação
80432693000120;BITREM 9 eixos;RYC2A88;RLF8G60;RLF8C10;;;GO;25.5;2.6;4.4;74.0;renovação
80432693000120;BITREM 9 eixos;RYC2A98;RLP9A56;RLP9A06;;;GO;25.4;2.6;4.4;74.0;renovação
80432693000120;BITREM 9 eixos;RYC2B78;RDZ4A79;RDZ3I99;;;GO;25.4;2.6;4.4;74.0;renovação
80432693000120;BITREM 9 eixos;RYC2C18;QJO0723;QIN6433;;;GO;25.5;2.6;4.4;74.0;renovação
80432693000120;BITREM 9 eixos;RYC2C38;RLJ6G26;RLJ3E26;;;GO;25.4;2.6;4.4;74.0;renovação
80432693000120;BITREM 9 eixos;RYC2C68;QJL5325;QJL5265;;;GO;25.5;2.6;4.4;74.0;renovação
80432693000120;BITREM 9 eixos;RYC2D28;QIS6303;QIS6323;;;GO;25.5;2.6;4.4;74.0;renovação
80432693000120;BITREM 9 eixos;RYD3A68;QIK2225;QIK2265;;;GO;25.5;2.6;4.4;74.0;renovação
80432693000120;BITREM 9 eixos;RYD4H88;QIF8873;QIF8903;;;GO;25.5;2.6;4.4;74.0;renovação
80432693000120;BITREM 9 eixos;RYD4J88;QIF8983;QIH3023;;;GO;25.5;2.6;4.4;74.0;renovação
80432693000120;BITREM 9 eixos;RYD5A08;MLZ1854;MLZ1734;;;GO;25.5;2.6;4.4;74.0;renovação
80432693000120;BITREM 9 eixos;RYD5G48;QIJ6635;QIM8865;;;GO;25.5;2.6;4.4;74.0;renovação
80432693000120;BITREM 9 eixos;RYD5H08;QJQ5322;QJQ5312;;;GO;25.5;2.6;4.4;74.0;renovação
80432693000120;BITREM 9 eixos;RYD5H38;QIF5913;QIF5943;;;GO;25.5;2.6;4.4;74.0;renovação
80432693000120;BITREM 9 eixos;RYD6C78;QIG2923;QIG2893;;;GO;25.5;2.6;4.4;74.0;renovação
80432693000120;BITREM 9 eixos;RYD6D48;RAI4957;RAI4967;;;GO;25.8;2.6;4.4;74.0;renovação
80432693000120;BITREM 9 eixos;RYD6F38;RAE0G52;RAE0F92;;;GO;25.5;2.6;4.4;74.0;renovação
80432693000120;BITREM 9 eixos;RYD6G78;QIK2305;QIK2335;;;GO;25.5;2.6;4.4;74.0;renovação
80432693000120;BITREM 9 eixos;RYD6H28;QIH6235;QIH6465;;;GO;25.5;2.6;4.4;74.0;renovação
80432693000120;BITREM 9 eixos;RYD9A38;QIH6255;QIH6295;;;GO;25.5;2.6;4.4;74.0;renovação
80432693000120;BITREM 9 eixos;RYD9A48;RLP9B76;RLP9B36;;;GO;25.4;2.6;4.4;74.0;renovação
80432693000120;BITREM 9 eixos;RYR2J48;RDX4A60;RDX3J80;;;GO;25.4;2.6;4.4;74.0;renovação
80432693000120;BITREM 9 eixos;RYR3G98;RLF8H47;RLH1B77;;;GO;26;2.6;4.4;74.0;renovação
80432693000120;BITREM 9 eixos;RYR6H68;RDV5J36;RDV6B96;;;GO;25.4;2.6;4.4;74.0;renovação
80432693000120;BITREM 9 eixos;RYR6I08;RLA0B98;RLA0E78;;;GO;25.4;2.6;4.4;74.0;renovação
80432693000120;BITREM 9 eixos;RYR6I38;RLF7I20;RLF7H60;;;GO;25.4;2.6;4.4;74.0;renovação
80432693000120;BITREM 9 eixos;RYR6I58;QJN7894;QJN7994;;;GO;25.7;2.6;4.4;74.0;renovação
80432693000120;BITREM 9 eixos;RYR6I88;QJW0686;QJW0646;;;GO;29.7;2.6;4.4;74.0;renovação
80432693000120;BITREM 9 eixos;RYR6J08;RAI5008;RAI4948;;;GO;25.7;2.6;4.4;74.0;renovação
80432693000120;BITREM 9 eixos;RYR6J48;RDV7A26;RDV6J16;;;GO;25.4;2.6;4.4;74.0;renovação
80432693000120;BITREM 9 eixos;RYT5E28;RAE0H12;RAE0I42;;;GO;25.5;2.6;4.4;74.0;renovação
80432693000120;BITREM 9 eixos;RYT5E68;RAG3810;RAG3820;;;GO;29.7;2.6;4.4;74.0;renovação
80432693000120;BITREM 9 eixos;RYT5E98;QJX3483;QJX4273;;;GO;25.7;2.6;4.4;74.0;renovação
80432693000120;BITREM 9 eixos;RYU3A66;QIT1754;QIT1764;;;GO;25.55;2.6;4.4;74.0;renovação
80432693000120;BITREM 9 eixos;RYU3A96;QIV8824;QIV8844;;;GO;25.55;2.6;4.4;74.0;renovação
80432693000120;BITREM 9 eixos;RYU3B16;QJX8123;QJX8293;;;GO;25.7;2.6;4.4;74.0;renovação
80432693000120;BITREM 9 eixos;RYU3B26;QJX3663;QJX3723;;;GO;25.7;2.6;4.4;74.0;renovação
80432693000120;BITREM 9 eixos;RYU3B46;QJM0965;QJM1365;;;GO;25.55;2.6;4.4;74.0;renovação
80432693000120;BITREM 9 eixos;RYU3B66;QIS2714;QIT1724;;;GO;25.55;2.6;4.4;74.0;renovação
80432693000120;BITREM 9 eixos;RYU3B86;RAE0C82;RAE0H82;;;GO;25.5;2.6;4.4;74.0;renovação
80432693000120;BITREM 9 eixos;RYU3B96;QJL6285;QJL6305;;;GO;25.55;2.6;4.4;74.0;renovação
80432693000120;BITREM 9 eixos;RYU3C06;RDV6H60;RDV6H40;;;GO;25.5;2.6;4.4;74.0;renovação
80432693000120;BITREM 9 eixos;RYU3F76;QJX4383;QJX4413;;;GO;25.7;2.6;4.4;74.0;renovação
80432693000120;BITREM 9 eixos;RYU3F96;QJL5225;QJL5245;;;GO;25.5;2.6;4.4;74.0;renovação
80432693000120;BITREM 9 eixos;RYU3G26;QJL5295;QJL6185;;;GO;25.5;2.6;4.4;74.0;renovação
80432693000120;BITREM 9 eixos;RYU3H16;QJO1844;QJO1854;;;GO;25.7;2.6;4.4;74.0;renovação
80432693000120;BITREM 9 eixos;RYU3H36;QJO1754;QJO1784;;;GO;25.7;2.6;4.4;74.0;renovação
80432693000120;BITREM 9 eixos;RYU3H46;QJQ6652;QJQ6732;;;GO;25.5;2.6;4.4;74.0;renovação
80432693000120;BITREM 9 eixos;RYU3H66;QJC6825;QJC6845;;;GO;25.5;2.6;4.4;74.0;renovação
80432693000120;BITREM 9 eixos;RYU3H76;MME0484;MME0434;;;GO;25.7;2.6;4.4;74.0;renovação
80432693000120;BITREM 9 eixos;RYU3H96;QIJ6555;QIJ6585;;;GO;25.5;2.6;4.4;74.0;renovação
80432693000120;BITREM 9 eixos;RYU3I06;MME0284;MME0354;;;GO;25.7;2.6;4.4;74.0;renovação
80432693000120;BITREM 9 eixos;RYU3J46;QJE2682;QJE2782;;;GO;25.7;2.6;4.4;74.0;renovação
80432693000120;BITREM 9 eixos;RYX0B98;QJX-1397;QJX-1357;;;GO;26;2.6;4.4;74.0;renovação
80432693000120;BITREM 9 eixos;RYX0C48;QJX8213;QJX8313;;;GO;25.7;2.6;4.4;74.0;renovação
80432693000120;BITREM 9 eixos;RYX0C78;MME0604;MME0564;;;GO;25.7;2.6;4.4;74.0;renovação
80432693000120;BITREM 9 eixos;RYX0C98;RLF8D70;RLF8D30;;;GO;25.5;2.6;4.4;74.0;renovação
80432693000120;BITREM 9 eixos;RYX4D36;RDV6F06;RDV5J86;;;BA,DNIT,GO,MG,PA,PE,PR,SP;25.4;2.6;4.4;74.0;renovação
80432693000120;BITREM 9 eixos;RYX4E36;QIM-7914;QIM-8414;;;BA,DNIT,GO,MG,PA,PE,PR,SP;25.5;2.6;4.4;74.0;renovação
80432693000120;BITREM 9 eixos;RYY3I06;RAJ9B35;RAJ9B45;;;BA,DNIT,GO,MG,PA,PE,PR,SP;25.4;2.6;4.4;74.0;renovação
80432693000120;BITREM 9 eixos;RYY3I16;RAJ9B85;RAJ9C45;;;BA,DNIT,GO,MG,PA,PE,PR,SP;25.4;2.6;4.4;74.0;renovação
80432693000120;BITREM 9 eixos;RYY3I36;QJC-9553;QJD-2753;;;BA,DNIT,GO,MG,PE,PR,SP;25.5;2.6;4.4;74.0;renovação
80432693000120;BITREM 9 eixos;RYY3i66;RAI-4858;RAI-4828;;;GO,MG,PE,SP;25.8;2.6;4.4;74.0;renovação
80432693000120;BITREM 9 eixos;SXF5F86;RDV5I46;RDV6G06;;;GO;25.4;2.6;4.4;74.0;renovação
80432693000120;BITREM 9 eixos;SXF5G16;RAI0H85;RAI0E25;;;BA,GO,PE,PR,SP;25.3;2.6;4.4;74.0;renovação
80432693000120;BITREM 9 eixos;SXF5G26;RAB-5335;RAB-3045;;;DNIT,GO,MG,PA,PE,PR,SP;26;2.6;4.4;74.0;renovação
80432693000120;BITREM 9 eixos;SXF5G56;RLI1A67;RLI1A77;;;BA,DNIT,GO,MG,PE,PR,SP,TO;25.4;2.6;4.4;74.0;renovação
80432693000120;BITREM 9 eixos;SXL2G97;RXP-7A88;RXP-7A98;;;GO;25.4;2.6;4.4;74.0;renovação
80432693000120;BITREM 9 eixos;RDT7J15;RAI1B75;RAI1B55;;;BA,DNIT,MG,PE,PR,SP;25.4;2.6;4.4;74.0;renovação
80432693000120;BITREM 9 eixos;RDT8F26;RDV6G36;RDV6H26;;;DNIT,GO,MG;25.4;2.6;4.4;74.0;renovação
80432693000120;BITREM 9 eixos;RDX5G39;RLA0B58;RLA0A68;;;MG;25.4;2.6;4.4;74.0;renovação
80432693000120;BITREM 9 eixos;RDX5J79;RLA0A38;RLA0B48;;;MG;25.4;2.6;4.4;74.0;renovação
80432693000120;BITREM 9 eixos;RDX6A39;RDT8E19;RDT8G79;;;MG;25.4;2.6;4.4;74.0;renovação
80432693000120;BITREM 9 eixos;RDY3D39;RLA0C28;RLA0C08;;;MG;25.4;2.6;4.4;74.0;renovação
80432693000120;BITREM 9 eixos;RDY3E09;RLI0G97;RLI0H07;;;MG;25.4;2.6;4.4;74.0;renovação
80432693000120;BITREM 9 eixos;RDY4D19;RLI0E87;RLI0F77;;;MG;25.4;2.6;4.4;74.0;renovação
80432693000120;BITREM 9 eixos;REA3H84;RAI1A95;RAI1A25;;;BA,DNIT,MG,PE,PR,SP;25.4;2.6;4.4;74.0;renovação
80432693000120;BITREM 9 eixos;RKY2E64;RDX4E10;RDX4C90;;;DNIT,MG,PA,PR;25.4;2.6;4.4;74.0;renovação
80432693000120;BITREM 9 eixos;RKY2F14;RDX3I70;RDX3I30;;;DNIT,MG,PA,PR;25.4;2.6;4.4;74.0;renovação
80432693000120;BITREM 9 eixos;RKY2F44;RDX4F60;RDX4E80;;;DNIT,MG,PA,PR;25.4;2.6;4.4;74.0;renovação
80432693000120;BITREM 9 eixos;RKY2F94;RLA0D02;RLA0D62;;;DNIT,MG;25.4;2.6;4.4;74.0;renovação
80432693000120;BITREM 9 eixos;RKY2G24;RLA0E32;RLA0E02;;;DNIT,MG,PA;25.4;2.6;4.4;74.0;renovação
80432693000120;BITREM 9 eixos;RKY2G84;RLA0E82;RLA0G22;;;BA,DNIT,MG,PE;25.4;2.6;4.4;74.0;renovação
80432693000120;BITREM 9 eixos;RXP0A68;RLF8F10;RLF8E40;;;GO,MG;25.4;2.6;4.4;74.0;renovação
80432693000120;BITREM 9 eixos;RXP0D18;RXP-6I18;RXP-6I38;;;BA,DNIT,GO,MG,PE,PR;25.4;2.6;4.4;74.0;renovação
80432693000120;BITREM 9 eixos;RXX8E69;RDV5H40;RDV6D70;;;BA,DNIT,MG,MS,PA,PE,PR;25.4;2.6;4.4;74.0;renovação
80432693000120;BITREM 9 eixos;RYX4D36;RDV6F06;RDV5J86;;;BA,DNIT,GO,MG,PA,PE,PR,SP;25.4;2.6;4.4;74.0;renovação
80432693000120;BITREM 9 eixos;RYX4E36;QIM-7914;QIM-8414;;;BA,DNIT,GO,MG,PA,PE,PR,SP;25.5;2.6;4.4;74.0;renovação
80432693000120;BITREM 9 eixos;RYY2D95;RLK1D93;RLK4C23;;;BA,DNIT,MG,PA,PE,PR,SP;25.4;2.6;4.4;74.0;renovação
80432693000120;BITREM 9 eixos;RYY3A75;QJX-8053;QJX-8083;;;BA,DNIT,MG,PA,PE,PR,SP;25.7;2.6;4.4;74.0;renovação
80432693000120;BITREM 9 eixos;RYY3D05;QJX-2790;QJX-3480;;;BA,DNIT,MG,PE,PR,SP;29.7;2.6;4.4;74.0;renovação
80432693000120;BITREM 9 eixos;RYY3D35;QJO-3066;QJO-2736;;;BA,DNIT,MG,PA,PE,PR,SP,TO;29.7;2.6;4.4;74.0;renovação
80432693000120;BITREM 9 eixos;RYY3D65;RDT7D73;RDT7E03;;;BA,DNIT,MG,PE,PR,SP;25.4;2.6;4.4;74.0;renovação
80432693000120;BITREM 9 eixos;RYY3E35;RLH3J32;RLH3J12;;;BA,DNIT,MG,PA,PE,PR,SP;25.4;2.6;4.4;74.0;renovação
80432693000120;BITREM 9 eixos;RYY3E75;RDV5J06;RDV6F36;;;BA,DNIT,MG,PA,PE,PR,SP,TO;25.4;2.6;4.4;74.0;renovação
80432693000120;BITREM 9 eixos;RYY3E85;QJX-2670;QJW-6350;;;BA,DNIT,MG,PA,PE,PR,SP,TO;29.7;2.6;4.4;74.0;renovação
80432693000120;BITREM 9 eixos;RYY3F65;RLC0H16;RLC0H46;;;BA,DNIT,MG,PA,PE,PR,SP;25.4;2.6;4.4;74.0;renovação
80432693000120;BITREM 9 eixos;RYY3F85;RLJ9G36;RLJ4B36;;;BA,DNIT,MG,PA,PE,PR,SP;25.4;2.6;4.4;74.0;renovação
80432693000120;BITREM 9 eixos;RYY3G05;QJY-6360;QJX-4150;;;BA,DNIT,MG,PA,PE,PR,SP,TO;29.7;2.6;4.4;74.0;renovação
80432693000120;BITREM 9 eixos;RYY3G45;QJX-3313;QJX-3893;;;BA,DNIT,MG,PA,PE,PR,SP;25.7;2.6;4.4;74.0;renovação
80432693000120;BITREM 9 eixos;RYY3G95;RLF8F97;RLF8G97;;;BA,DNIT,MG,PA,PE,PR,SP,TO;26;2.6;4.4;74.0;renovação
80432693000120;BITREM 9 eixos;RYY3I06;RAJ9B35;RAJ9B45;;;BA,DNIT,GO,MG,PA,PE,PR,SP;25.4;2.6;4.4;74.0;renovação
80432693000120;BITREM 9 eixos;RYY3I16;RAJ9B85;RAJ9C45;;;BA,DNIT,GO,MG,PA,PE,PR,SP;25.4;2.6;4.4;74.0;renovação
80432693000120;BITREM 9 eixos;RYY3I36;QJC-9553;QJD-2753;;;BA,DNIT,GO,MG,PE,PR,SP;25.5;2.6;4.4;74.0;renovação
80432693000120;BITREM 9 eixos;RYY3i66;RAI-4858;RAI-4828;;;GO,MG,PE,SP;25.8;2.6;4.4;74.0;renovação
80432693000120;BITREM 9 eixos;SXC2A24;REA7G24;REA7G14;;;BA,DNIT,MG,MS,PA,PE,PR,SP,TO;26;2.6;4.4;74.0;renovação
80432693000120;BITREM 9 eixos;SXC2A44;REA7F64;REA7F94;;;BA,DNIT,MG,PA,PE,PR,SP;26;2.6;4.4;74.0;renovação
80432693000120;BITREM 9 eixos;SXC2A64;REA7F84;REA7F54;;;BA,DNIT,MG,PA,PE,PR,SP;26;2.6;4.4;74.0;renovação
80432693000120;BITREM 9 eixos;SXD8C14;RLF8G37;RLF8G57;;;BA,DNIT,MG,PA,PE,PR,SP;26;2.6;4.4;74.0;renovação
80432693000120;BITREM 9 eixos;SXD8C24;RAB-5185;RAB-4785;;;BA,DNIT,MG,PA,PE,PR,SP;26;2.6;4.4;74.0;renovação
80432693000120;BITREM 9 eixos;SXD8D64;RLK9B02;RLK9B12;;;BA,DNIT,MG,PA,PE,PR,SP;25.4;2.6;4.4;74.0;renovação
80432693000120;BITREM 9 eixos;SXD8E74;QJO-1894;QJO-1884;;;BA,DNIT,MG,PA,PE,PR,SP;25.7;2.6;4.4;74.0;renovação
80432693000120;BITREM 9 eixos;SXD8F74;REA7G44;REA7G34;;;BA,DNIT,MG,PA,PE,PR,SP;26;2.6;4.4;74.0;renovação
80432693000120;BITREM 9 eixos;SXD8G74;RAB-5285;RAB-5065;;;BA,DNIT,MG,PA,PE,PR,SP;26;2.6;4.4;74.0;renovação
80432693000120;BITREM 9 eixos;SXD9A64;RAB-5125;RAB-5075;;;BA,DNIT,MG,PA,PE,PR,SP;26;2.6;4.4;74.0;renovação
80432693000120;BITREM 9 eixos;SXD9C64;RLF7E37;RLF8F77;;;BA,DNIT,MG,PA,PE,PR,SP;26;2.6;4.4;74.0;renovação
80432693000120;BITREM 9 eixos;SXD9D34;RAJ8I65;RAJ8I85;;;BA,DNIT,MG,PA,PE,PR,SP,TO;25.4;2.6;4.4;74.0;renovação
80432693000120;BITREM 9 eixos;SXF5G26;RAB-5335;RAB-3045;;;DNIT,GO,MG,PA,PE,PR,SP;26;2.6;4.4;74.0;renovação
80432693000120;BITREM 9 eixos;SXF5G56;RLI1A67;RLI1A77;;;BA,DNIT,GO,MG,PE,PR,SP,TO;25.4;2.6;4.4;74.0;renovação
80432693000120;BITREM 9 eixos;SXG1G64;QJX-3270;QJX-3870;;;BA,DNIT,MG,PA,PE,PR,SP;29.7;2.6;4.4;74.0;renovação
80432693000120;BITREM 9 eixos;SXG1G84;QJO-3156;QJO-2976;;;BA,DNIT,MG,PA,PE,PR,SP;29.7;2.6;4.4;74.0;renovação
80432693000120;BITREM 9 eixos;SXG1H14;QJX-2460;QJX-1650;;;BA,DNIT,MG,PA,PE,PR,SP;29.7;2.6;4.4;74.0;renovação
80432693000120;BITREM 9 eixos;SXG1I04;QJX-3760;QJW-9470;;;BA,DNIT,MG,PA,PE,PR,SP;29.7;2.6;4.4;74.0;renovação
80432693000120;BITREM 9 eixos;SXG1J14;RAJ8H35;RAJ8J55;;;BA,DNIT,MG,PA,PE,PR;25.4;2.6;4.4;74.0;renovação
80432693000120;BITREM 9 eixos;SXJ8D64;RLA0E18;RLA0D78;;;BA,DNIT,MG,PA,PE,PR,SP;25.4;2.6;4.4;74.0;renovação
80432693000120;BITREM 9 eixos;SXJ8D74;REA7G04;REA7F74;;;BA,DNIT,MG,PA,PE,PR,SP;26;2.6;4.4;74.0;renovação
80432693000120;BITREM 9 eixos;RXX8E69;RDV5H40;RDV6D70;;;BA,DNIT,MG,MS,PA,PE,PR;25.4;2.6;4.4;74.0;renovação
80432693000120;BITREM 9 eixos;RYB7G78;RLF8A70;RLF8A20;;;GO,MS;25.5;2.6;4.4;74.0;renovação
80432693000120;BITREM 9 eixos;SVA3D21;RAI-4997;RAI-4927;;;MS,PA;25.8;2.6;4.4;74.0;renovação
80432693000120;BITREM 9 eixos;SVA3G23;RLF8A70;RLF8A20;;;MS;25.5;2.6;4.4;74.0;renovação
80432693000120;BITREM 9 eixos;SVA3G53;RLF-8A70;RLF-8A20;;;MS;25.5;2.6;4.4;74.0;renovação
80432693000120;BITREM 9 eixos;SVL5D53;RAB-5225;RAB-5365;;;MS,PA;26;2.6;4.4;74.0;renovação
80432693000120;BITREM 9 eixos;SVR1G73;QJX-1287;QJX-1267;;;MS;26;2.6;4.4;74.0;renovação
80432693000120;BITREM 9 eixos;SXC2A24;REA7G24;REA7G14;;;BA,DNIT,MG,MS,PA,PE,PR,SP,TO;26;2.6;4.4;74.0;renovação
80432693000120;BITREM 9 eixos;SXC2A74;REA7F34;RLE4A27;;;BA,MS,PA,PR;26;2.6;4.4;74.0;renovação
80432693000120;BITREM 9 eixos;RKY2E64;RDX4E10;RDX4C90;;;DNIT,MG,PA,PR;25.4;2.6;4.4;74.0;renovação
80432693000120;BITREM 9 eixos;RKY2F14;RDX3I70;RDX3I30;;;DNIT,MG,PA,PR;25.4;2.6;4.4;74.0;renovação
80432693000120;BITREM 9 eixos;RKY2F44;RDX4F60;RDX4E80;;;DNIT,MG,PA,PR;25.4;2.6;4.4;74.0;renovação
80432693000120;BITREM 9 eixos;RKY2F64;RDX4C60;RDX4C10;;;DNIT,PA,PR;25.4;2.6;4.4;74.0;renovação
80432693000120;BITREM 9 eixos;RKY2G24;RLA0E32;RLA0E02;;;DNIT,MG,PA;25.4;2.6;4.4;74.0;renovação
80432693000120;BITREM 9 eixos;RLE9I97;QJX6033;QJX8203;;;GO,PA;26;2.6;4.4;74.0;renovação
80432693000120;BITREM 9 eixos;RLE9J27;MME0684;MME0644;;;GO,PA;26;2.6;4.4;74.0;renovação
80432693000120;BITREM 9 eixos;RLE9J97;QJX-2933;MME-8254;;;PA;25.7;2.6;4.4;74.0;renovação
80432693000120;BITREM 9 eixos;RLI1I34;RLH3I62;RLH3I42;;;BA,DNIT,PA,PR,SP;25.4;2.6;4.4;74.0;renovação
80432693000120;BITREM 9 eixos;RLI1J34;RLA0F82;RLA0G62;;;BA,DNIT,PA,PR,SP;25.4;2.6;4.4;74.0;renovação
80432693000120;BITREM 9 eixos;RLI2D94;RLK0A53;RLJ9D43;;;BA,DNIT,PA,PR,SP;25.4;2.6;4.4;74.0;renovação
80432693000120;BITREM 9 eixos;RLI2F84;RLH3I92;RLH3I72;;;BA,DNIT,PA,PR,SP;25.4;2.6;4.4;74.0;renovação
80432693000120;BITREM 9 eixos;RLI2G14;RLK1F53;RLK1E73;;;BA,DNIT,PA,PR,SP;25.4;2.6;4.4;74.0;renovação
80432693000120;BITREM 9 eixos;RXX8E69;RDV5H40;RDV6D70;;;BA,DNIT,MG,MS,PA,PE,PR;25.4;2.6;4.4;74.0;renovação
80432693000120;BITREM 9 eixos;RYX4D36;RDV6F06;RDV5J86;;;BA,DNIT,GO,MG,PA,PE,PR,SP;25.4;2.6;4.4;74.0;renovação
80432693000120;BITREM 9 eixos;RYX4E36;QIM-7914;QIM-8414;;;BA,DNIT,GO,MG,PA,PE,PR,SP;25.5;2.6;4.4;74.0;renovação
80432693000120;BITREM 9 eixos;RYY1C25;RAG-3830;RAG-3840;;;BA,DNIT,PA,PE,PR,TO;29.7;2.6;4.4;74.0;renovação
80432693000120;BITREM 9 eixos;RYY2D95;RLK1D93;RLK4C23;;;BA,DNIT,MG,PA,PE,PR,SP;25.4;2.6;4.4;74.0;renovação
80432693000120;BITREM 9 eixos;RYY3A75;QJX-8053;QJX-8083;;;BA,DNIT,MG,PA,PE,PR,SP;25.7;2.6;4.4;74.0;renovação
80432693000120;BITREM 9 eixos;RYY3D35;QJO-3066;QJO-2736;;;BA,DNIT,MG,PA,PE,PR,SP,TO;29.7;2.6;4.4;74.0;renovação
80432693000120;BITREM 9 eixos;RYY3E35;RLH3J32;RLH3J12;;;BA,DNIT,MG,PA,PE,PR,SP;25.4;2.6;4.4;74.0;renovação
80432693000120;BITREM 9 eixos;RYY3E75;RDV5J06;RDV6F36;;;BA,DNIT,MG,PA,PE,PR,SP,TO;25.4;2.6;4.4;74.0;renovação
80432693000120;BITREM 9 eixos;RYY3E85;QJX-2670;QJW-6350;;;BA,DNIT,MG,PA,PE,PR,SP,TO;29.7;2.6;4.4;74.0;renovação
80432693000120;BITREM 9 eixos;RYY3F65;RLC0H16;RLC0H46;;;BA,DNIT,MG,PA,PE,PR,SP;25.4;2.6;4.4;74.0;renovação
80432693000120;BITREM 9 eixos;RYY3F85;RLJ9G36;RLJ4B36;;;BA,DNIT,MG,PA,PE,PR,SP;25.4;2.6;4.4;74.0;renovação
80432693000120;BITREM 9 eixos;RYY3G05;QJY-6360;QJX-4150;;;BA,DNIT,MG,PA,PE,PR,SP,TO;29.7;2.6;4.4;74.0;renovação
80432693000120;BITREM 9 eixos;RYY3G45;QJX-3313;QJX-3893;;;BA,DNIT,MG,PA,PE,PR,SP;25.7;2.6;4.4;74.0;renovação
80432693000120;BITREM 9 eixos;RYY3G95;RLF8F97;RLF8G97;;;BA,DNIT,MG,PA,PE,PR,SP,TO;26;2.6;4.4;74.0;renovação
80432693000120;BITREM 9 eixos;RYY3I06;RAJ9B35;RAJ9B45;;;BA,DNIT,GO,MG,PA,PE,PR,SP;25.4;2.6;4.4;74.0;renovação
80432693000120;BITREM 9 eixos;RYY3I16;RAJ9B85;RAJ9C45;;;BA,DNIT,GO,MG,PA,PE,PR,SP;25.4;2.6;4.4;74.0;renovação
80432693000120;BITREM 9 eixos;RYZ8A65;RLF-6D90;RLF-6B30;;;BA,DNIT,PA,PR,SP;25.4;2.6;4.4;74.0;renovação
80432693000120;BITREM 9 eixos;SVA3D21;RAI-4997;RAI-4927;;;MS,PA;25.8;2.6;4.4;74.0;renovação
80432693000120;BITREM 9 eixos;SVL5D53;RAB-5225;RAB-5365;;;MS,PA;26;2.6;4.4;74.0;renovação
80432693000120;BITREM 9 eixos;SXC2A24;REA7G24;REA7G14;;;BA,DNIT,MG,MS,PA,PE,PR,SP,TO;26;2.6;4.4;74.0;renovação
80432693000120;BITREM 9 eixos;SXC2A44;REA7F64;REA7F94;;;BA,DNIT,MG,PA,PE,PR,SP;26;2.6;4.4;74.0;renovação
80432693000120;BITREM 9 eixos;SXC2A64;REA7F84;REA7F54;;;BA,DNIT,MG,PA,PE,PR,SP;26;2.6;4.4;74.0;renovação
80432693000120;BITREM 9 eixos;SXC2A74;REA7F34;RLE4A27;;;BA,MS,PA,PR;26;2.6;4.4;74.0;renovação
80432693000120;BITREM 9 eixos;SXD8C14;RLF8G37;RLF8G57;;;BA,DNIT,MG,PA,PE,PR,SP;26;2.6;4.4;74.0;renovação
80432693000120;BITREM 9 eixos;SXD8C24;RAB-5185;RAB-4785;;;BA,DNIT,MG,PA,PE,PR,SP;26;2.6;4.4;74.0;renovação
80432693000120;BITREM 9 eixos;SXD8D64;RLK9B02;RLK9B12;;;BA,DNIT,MG,PA,PE,PR,SP;25.4;2.6;4.4;74.0;renovação
80432693000120;BITREM 9 eixos;SXD8E74;QJO-1894;QJO-1884;;;BA,DNIT,MG,PA,PE,PR,SP;25.7;2.6;4.4;74.0;renovação
80432693000120;BITREM 9 eixos;SXD8F74;REA7G44;REA7G34;;;BA,DNIT,MG,PA,PE,PR,SP;26;2.6;4.4;74.0;renovação
80432693000120;BITREM 9 eixos;SXD8G74;RAB-5285;RAB-5065;;;BA,DNIT,MG,PA,PE,PR,SP;26;2.6;4.4;74.0;renovação
80432693000120;BITREM 9 eixos;SXD9A64;RAB-5125;RAB-5075;;;BA,DNIT,MG,PA,PE,PR,SP;26;2.6;4.4;74.0;renovação
80432693000120;BITREM 9 eixos;SXD9C64;RLF7E37;RLF8F77;;;BA,DNIT,MG,PA,PE,PR,SP;26;2.6;4.4;74.0;renovação
80432693000120;BITREM 9 eixos;SXD9D34;RAJ8I65;RAJ8I85;;;BA,DNIT,MG,PA,PE,PR,SP,TO;25.4;2.6;4.4;74.0;renovação
80432693000120;BITREM 9 eixos;SXF2E25;RLC0I26;RLC0I56;;;BA,DNIT,PA,PE,PR,SP,TO;25.4;2.6;4.4;74.0;renovação
80432693000120;BITREM 9 eixos;SXF5G26;RAB-5335;RAB-3045;;;DNIT,GO,MG,PA,PE,PR,SP;26;2.6;4.4;74.0;renovação
80432693000120;BITREM 9 eixos;SXG1G64;QJX-3270;QJX-3870;;;BA,DNIT,MG,PA,PE,PR,SP;29.7;2.6;4.4;74.0;renovação
80432693000120;BITREM 9 eixos;SXG1G84;QJO-3156;QJO-2976;;;BA,DNIT,MG,PA,PE,PR,SP;29.7;2.6;4.4;74.0;renovação
80432693000120;BITREM 9 eixos;SXG1H14;QJX-2460;QJX-1650;;;BA,DNIT,MG,PA,PE,PR,SP;29.7;2.6;4.4;74.0;renovação
80432693000120;BITREM 9 eixos;SXG1I04;QJX-3760;QJW-9470;;;BA,DNIT,MG,PA,PE,PR,SP;29.7;2.6;4.4;74.0;renovação
80432693000120;BITREM 9 eixos;SXG1J14;RAJ8H35;RAJ8J55;;;BA,DNIT,MG,PA,PE,PR;25.4;2.6;4.4;74.0;renovação
80432693000120;BITREM 9 eixos;SXJ8D64;RLA0E18;RLA0D78;;;BA,DNIT,MG,PA,PE,PR,SP;25.4;2.6;4.4;74.0;renovação
80432693000120;BITREM 9 eixos;SXJ8D74;REA7G04;REA7F74;;;BA,DNIT,MG,PA,PE,PR,SP;26;2.6;4.4;74.0;renovação
80432693000120;BITREM 9 eixos;RDT7J15;RAI1B75;RAI1B55;;;BA,DNIT,MG,PE,PR,SP;25.4;2.6;4.4;74.0;renovação
80432693000120;BITREM 9 eixos;REA3B84;RAJ9C75;RAJ9C85;;;DNIT,PE,PR;25.4;2.6;4.4;74.0;renovação
80432693000120;BITREM 9 eixos;REA3H84;RAI1A95;RAI1A25;;;BA,DNIT,MG,PE,PR,SP;25.4;2.6;4.4;74.0;renovação
80432693000120;BITREM 9 eixos;RKY2G84;RLA0E82;RLA0G22;;;BA,DNIT,MG,PE;25.4;2.6;4.4;74.0;renovação
80432693000120;BITREM 9 eixos;RLG9G45;RLJ4I46;RLJ4I56;;;DNIT,PE;25.4;2.6;4.4;74.0;renovação
80432693000120;BITREM 9 eixos;RLG9H15;RLJ5C66;RLJ5C36;;;DNIT,PE;25.4;2.6;4.4;74.0;renovação
80432693000120;BITREM 9 eixos;RLG9I45;RLJ5A96;RLJ5A36;;;DNIT,PE;25.4;2.6;4.4;74.0;renovação
80432693000120;BITREM 9 eixos;RLH0C35;RLJ4J26;RLJ4J46;;;DNIT,PE;25.4;2.6;4.4;74.0;renovação
80432693000120;BITREM 9 eixos;RLJ4G06;RLJ5C06;RLJ5B66;;;DNIT,GO,PE;25.4;2.6;4.4;74.0;renovação
80432693000120;BITREM 9 eixos;RLJ4G36;RLJ4J86;RLJ4J96;;;DNIT,GO,PE,PR;25.4;2.6;4.4;74.0;renovação
80432693000120;BITREM 9 eixos;RLJ4G46;RLJ4I06;RLJ4I16;;;DNIT,GO,PE,PR;25.4;2.6;4.4;74.0;renovação
80432693000120;BITREM 9 eixos;RXP0D18;RXP-6I18;RXP-6I38;;;BA,DNIT,GO,MG,PE,PR;25.4;2.6;4.4;74.0;renovação
80432693000120;BITREM 9 eixos;RXX8E69;RDV5H40;RDV6D70;;;BA,DNIT,MG,MS,PA,PE,PR;25.4;2.6;4.4;74.0;renovação
80432693000120;BITREM 9 eixos;RYW1C65;QII-5444;QII-5394;;;BA,DNIT,PE,PR,SP;25.5;2.6;4.4;74.0;renovação
80432693000120;BITREM 9 eixos;RYX4D36;RDV6F06;RDV5J86;;;BA,DNIT,GO,MG,PA,PE,PR,SP;25.4;2.6;4.4;74.0;renovação
80432693000120;BITREM 9 eixos;RYX4E36;QIM-7914;QIM-8414;;;BA,DNIT,GO,MG,PA,PE,PR,SP;25.5;2.6;4.4;74.0;renovação
80432693000120;BITREM 9 eixos;RYX8H05;RAG-3780;RAG-3790;;;BA,DNIT,PE,PR,SP,TO;29.7;2.6;4.4;74.0;renovação
80432693000120;BITREM 9 eixos;RYY1C25;RAG-3830;RAG-3840;;;BA,DNIT,PA,PE,PR,TO;29.7;2.6;4.4;74.0;renovação
80432693000120;BITREM 9 eixos;RYY2D95;RLK1D93;RLK4C23;;;BA,DNIT,MG,PA,PE,PR,SP;25.4;2.6;4.4;74.0;renovação
80432693000120;BITREM 9 eixos;RYY3A75;QJX-8053;QJX-8083;;;BA,DNIT,MG,PA,PE,PR,SP;25.7;2.6;4.4;74.0;renovação
80432693000120;BITREM 9 eixos;RYY3D05;QJX-2790;QJX-3480;;;BA,DNIT,MG,PE,PR,SP;29.7;2.6;4.4;74.0;renovação
80432693000120;BITREM 9 eixos;RYY3D35;QJO-3066;QJO-2736;;;BA,DNIT,MG,PA,PE,PR,SP,TO;29.7;2.6;4.4;74.0;renovação
80432693000120;BITREM 9 eixos;RYY3D65;RDT7D73;RDT7E03;;;BA,DNIT,MG,PE,PR,SP;25.4;2.6;4.4;74.0;renovação
80432693000120;BITREM 9 eixos;RYY3E35;RLH3J32;RLH3J12;;;BA,DNIT,MG,PA,PE,PR,SP;25.4;2.6;4.4;74.0;renovação
80432693000120;BITREM 9 eixos;RYY3E75;RDV5J06;RDV6F36;;;BA,DNIT,MG,PA,PE,PR,SP,TO;25.4;2.6;4.4;74.0;renovação
80432693000120;BITREM 9 eixos;RYY3E85;QJX-2670;QJW-6350;;;BA,DNIT,MG,PA,PE,PR,SP,TO;29.7;2.6;4.4;74.0;renovação
80432693000120;BITREM 9 eixos;RYY3F65;RLC0H16;RLC0H46;;;BA,DNIT,MG,PA,PE,PR,SP;25.4;2.6;4.4;74.0;renovação
80432693000120;BITREM 9 eixos;RYY3F85;RLJ9G36;RLJ4B36;;;BA,DNIT,MG,PA,PE,PR,SP;25.4;2.6;4.4;74.0;renovação
80432693000120;BITREM 9 eixos;RYY3G05;QJY-6360;QJX-4150;;;BA,DNIT,MG,PA,PE,PR,SP,TO;29.7;2.6;4.4;74.0;renovação
80432693000120;BITREM 9 eixos;RYY3G45;QJX-3313;QJX-3893;;;BA,DNIT,MG,PA,PE,PR,SP;25.7;2.6;4.4;74.0;renovação
80432693000120;BITREM 9 eixos;RYY3G95;RLF8F97;RLF8G97;;;BA,DNIT,MG,PA,PE,PR,SP,TO;26;2.6;4.4;74.0;renovação
80432693000120;BITREM 9 eixos;RYY3I06;RAJ9B35;RAJ9B45;;;BA,DNIT,GO,MG,PA,PE,PR,SP;25.4;2.6;4.4;74.0;renovação
80432693000120;BITREM 9 eixos;RYY3I16;RAJ9B85;RAJ9C45;;;BA,DNIT,GO,MG,PA,PE,PR,SP;25.4;2.6;4.4;74.0;renovação
80432693000120;BITREM 9 eixos;RYY3I36;QJC-9553;QJD-2753;;;BA,DNIT,GO,MG,PE,PR,SP;25.5;2.6;4.4;74.0;renovação
80432693000120;BITREM 9 eixos;RYY3i66;RAI-4858;RAI-4828;;;GO,MG,PE,SP;25.8;2.6;4.4;74.0;renovação
80432693000120;BITREM 9 eixos;SXC2A24;REA7G24;REA7G14;;;BA,DNIT,MG,MS,PA,PE,PR,SP,TO;26;2.6;4.4;74.0;renovação
80432693000120;BITREM 9 eixos;SXC2A44;REA7F64;REA7F94;;;BA,DNIT,MG,PA,PE,PR,SP;26;2.6;4.4;74.0;renovação
80432693000120;BITREM 9 eixos;SXD8C14;RLF8G37;RLF8G57;;;BA,DNIT,MG,PA,PE,PR,SP;26;2.6;4.4;74.0;renovação
80432693000120;BITREM 9 eixos;SXD8C24;RAB-5185;RAB-4785;;;BA,DNIT,MG,PA,PE,PR,SP;26;2.6;4.4;74.0;renovação
80432693000120;BITREM 9 eixos;SXD8D64;RLK9B02;RLK9B12;;;BA,DNIT,MG,PA,PE,PR,SP;25.4;2.6;4.4;74.0;renovação
80432693000120;BITREM 9 eixos;SXD8E74;QJO-1894;QJO-1884;;;BA,DNIT,MG,PA,PE,PR,SP;25.7;2.6;4.4;74.0;renovação
80432693000120;BITREM 9 eixos;SXD8F74;REA7G44;REA7G34;;;BA,DNIT,MG,PA,PE,PR,SP;26;2.6;4.4;74.0;renovação
80432693000120;BITREM 9 eixos;SXD8G74;RAB-5285;RAB-5065;;;BA,DNIT,MG,PA,PE,PR,SP;26;2.6;4.4;74.0;renovação
80432693000120;BITREM 9 eixos;SXD9A64;RAB-5125;RAB-5075;;;BA,DNIT,MG,PA,PE,PR,SP;26;2.6;4.4;74.0;renovação
80432693000120;BITREM 9 eixos;SXD9C64;RLF7E37;RLF8F77;;;BA,DNIT,MG,PA,PE,PR,SP;26;2.6;4.4;74.0;renovação
80432693000120;BITREM 9 eixos;SXD9D34;RAJ8I65;RAJ8I85;;;BA,DNIT,MG,PA,PE,PR,SP,TO;25.4;2.6;4.4;74.0;renovação
80432693000120;BITREM 9 eixos;SXF2E25;RLC0I26;RLC0I56;;;BA,DNIT,PA,PE,PR,SP,TO;25.4;2.6;4.4;74.0;renovação
80432693000120;BITREM 9 eixos;SXF5G16;RAI0H85;RAI0E25;;;BA,GO,PE,PR,SP;25.3;2.6;4.4;74.0;renovação
80432693000120;BITREM 9 eixos;SXF5G26;RAB-5335;RAB-3045;;;DNIT,GO,MG,PA,PE,PR,SP;26;2.6;4.4;74.0;renovação
80432693000120;BITREM 9 eixos;SXF5G56;RLI1A67;RLI1A77;;;BA,DNIT,GO,MG,PE,PR,SP,TO;25.4;2.6;4.4;74.0;renovação
80432693000120;BITREM 9 eixos;SXG1G64;QJX-3270;QJX-3870;;;BA,DNIT,MG,PA,PE,PR,SP;29.7;2.6;4.4;74.0;renovação
80432693000120;BITREM 9 eixos;SXG1G84;QJO-3156;QJO-2976;;;BA,DNIT,MG,PA,PE,PR,SP;29.7;2.6;4.4;74.0;renovação
80432693000120;BITREM 9 eixos;SXG1H14;QJX-2460;QJX-1650;;;BA,DNIT,MG,PA,PE,PR,SP;29.7;2.6;4.4;74.0;renovação
80432693000120;BITREM 9 eixos;SXG1I04;QJX-3760;QJW-9470;;;BA,DNIT,MG,PA,PE,PR,SP;29.7;2.6;4.4;74.0;renovação
80432693000120;BITREM 9 eixos;SXG1J14;RAJ8H35;RAJ8J55;;;BA,DNIT,MG,PA,PE,PR;25.4;2.6;4.4;74.0;renovação
80432693000120;BITREM 9 eixos;SXJ8D64;RLA0E18;RLA0D78;;;BA,DNIT,MG,PA,PE,PR,SP;25.4;2.6;4.4;74.0;renovação
80432693000120;BITREM 9 eixos;SXJ8D74;REA7G04;REA7F74;;;BA,DNIT,MG,PA,PE,PR,SP;26;2.6;4.4;74.0;renovação
80432693000120;BITREM 9 eixos;RDT7J15;RAI1B75;RAI1B55;;;BA,DNIT,MG,PE,PR,SP;25.4;2.6;4.4;74.0;renovação
80432693000120;BITREM 9 eixos;RDT8D06;RAJ9A15;RAJ9A25;;;BA,DNIT,GO,PR;25.4;2.6;4.4;74.0;renovação
80432693000120;BITREM 9 eixos;REA3B84;RAJ9C75;RAJ9C85;;;DNIT,PE,PR;25.4;2.6;4.4;74.0;renovação
80432693000120;BITREM 9 eixos;REA3H84;RAI1A95;RAI1A25;;;BA,DNIT,MG,PE,PR,SP;25.4;2.6;4.4;74.0;renovação
80432693000120;BITREM 9 eixos;RKY2E64;RDX4E10;RDX4C90;;;DNIT,MG,PA,PR;25.4;2.6;4.4;74.0;renovação
80432693000120;BITREM 9 eixos;RKY2F14;RDX3I70;RDX3I30;;;DNIT,MG,PA,PR;25.4;2.6;4.4;74.0;renovação
80432693000120;BITREM 9 eixos;RKY2F44;RDX4F60;RDX4E80;;;DNIT,MG,PA,PR;25.4;2.6;4.4;74.0;renovação
80432693000120;BITREM 9 eixos;RKY2F64;RDX4C60;RDX4C10;;;DNIT,PA,PR;25.4;2.6;4.4;74.0;renovação
80432693000120;BITREM 9 eixos;RLE9I47;RAI-5018;RAI-5258;;;BA,DNIT,GO,PR,SP;25.8;2.6;4.4;74.0;renovação
80432693000120;BITREM 9 eixos;RLI1I34;RLH3I62;RLH3I42;;;BA,DNIT,PA,PR,SP;25.4;2.6;4.4;74.0;renovação
80432693000120;BITREM 9 eixos;RLI1J34;RLA0F82;RLA0G62;;;BA,DNIT,PA,PR,SP;25.4;2.6;4.4;74.0;renovação
80432693000120;BITREM 9 eixos;RLI2D94;RLK0A53;RLJ9D43;;;BA,DNIT,PA,PR,SP;25.4;2.6;4.4;74.0;renovação
80432693000120;BITREM 9 eixos;RLI2F84;RLH3I92;RLH3I72;;;BA,DNIT,PA,PR,SP;25.4;2.6;4.4;74.0;renovação
80432693000120;BITREM 9 eixos;RLI2G14;RLK1F53;RLK1E73;;;BA,DNIT,PA,PR,SP;25.4;2.6;4.4;74.0;renovação
80432693000120;BITREM 9 eixos;RLJ4G36;RLJ4J86;RLJ4J96;;;DNIT,GO,PE,PR;25.4;2.6;4.4;74.0;renovação
80432693000120;BITREM 9 eixos;RLJ4G46;RLJ4I06;RLJ4I16;;;DNIT,GO,PE,PR;25.4;2.6;4.4;74.0;renovação
80432693000120;BITREM 9 eixos;RXP0D18;RXP-6I18;RXP-6I38;;;BA,DNIT,GO,MG,PE,PR;25.4;2.6;4.4;74.0;renovação
80432693000120;BITREM 9 eixos;RXX8E69;RDV5H40;RDV6D70;;;BA,DNIT,MG,MS,PA,PE,PR;25.4;2.6;4.4;74.0;renovação
80432693000120;BITREM 9 eixos;RYW1C65;QII-5444;QII-5394;;;BA,DNIT,PE,PR,SP;25.5;2.6;4.4;74.0;renovação
80432693000120;BITREM 9 eixos;RYX4D36;RDV6F06;RDV5J86;;;BA,DNIT,GO,MG,PA,PE,PR,SP;25.4;2.6;4.4;74.0;renovação
80432693000120;BITREM 9 eixos;RYX4E36;QIM-7914;QIM-8414;;;BA,DNIT,GO,MG,PA,PE,PR,SP;25.5;2.6;4.4;74.0;renovação
80432693000120;BITREM 9 eixos;RYX8H05;RAG-3780;RAG-3790;;;BA,DNIT,PE,PR,SP,TO;29.7;2.6;4.4;74.0;renovação
80432693000120;BITREM 9 eixos;RYY1C25;RAG-3830;RAG-3840;;;BA,DNIT,PA,PE,PR,TO;29.7;2.6;4.4;74.0;renovação
80432693000120;BITREM 9 eixos;RYY2D95;RLK1D93;RLK4C23;;;BA,DNIT,MG,PA,PE,PR,SP;25.4;2.6;4.4;74.0;renovação
80432693000120;BITREM 9 eixos;RYY3A75;QJX-8053;QJX-8083;;;BA,DNIT,MG,PA,PE,PR,SP;25.7;2.6;4.4;74.0;renovação
80432693000120;BITREM 9 eixos;RYY3D05;QJX-2790;QJX-3480;;;BA,DNIT,MG,PE,PR,SP;29.7;2.6;4.4;74.0;renovação
80432693000120;BITREM 9 eixos;RYY3D35;QJO-3066;QJO-2736;;;BA,DNIT,MG,PA,PE,PR,SP,TO;29.7;2.6;4.4;74.0;renovação
80432693000120;BITREM 9 eixos;RYY3D65;RDT7D73;RDT7E03;;;BA,DNIT,MG,PE,PR,SP;25.4;2.6;4.4;74.0;renovação
80432693000120;BITREM 9 eixos;RYY3E35;RLH3J32;RLH3J12;;;BA,DNIT,MG,PA,PE,PR,SP;25.4;2.6;4.4;74.0;renovação
80432693000120;BITREM 9 eixos;RYY3E75;RDV5J06;RDV6F36;;;BA,DNIT,MG,PA,PE,PR,SP,TO;25.4;2.6;4.4;74.0;renovação
80432693000120;BITREM 9 eixos;RYY3E85;QJX-2670;QJW-6350;;;BA,DNIT,MG,PA,PE,PR,SP,TO;29.7;2.6;4.4;74.0;renovação
80432693000120;BITREM 9 eixos;RYY3F65;RLC0H16;RLC0H46;;;BA,DNIT,MG,PA,PE,PR,SP;25.4;2.6;4.4;74.0;renovação
80432693000120;BITREM 9 eixos;RYY3F85;RLJ9G36;RLJ4B36;;;BA,DNIT,MG,PA,PE,PR,SP;25.4;2.6;4.4;74.0;renovação
80432693000120;BITREM 9 eixos;RYY3G05;QJY-6360;QJX-4150;;;BA,DNIT,MG,PA,PE,PR,SP,TO;29.7;2.6;4.4;74.0;renovação
80432693000120;BITREM 9 eixos;RYY3G45;QJX-3313;QJX-3893;;;BA,DNIT,MG,PA,PE,PR,SP;25.7;2.6;4.4;74.0;renovação
80432693000120;BITREM 9 eixos;RYY3G95;RLF8F97;RLF8G97;;;BA,DNIT,MG,PA,PE,PR,SP,TO;26;2.6;4.4;74.0;renovação
80432693000120;BITREM 9 eixos;RYY3I06;RAJ9B35;RAJ9B45;;;BA,DNIT,GO,MG,PA,PE,PR,SP;25.4;2.6;4.4;74.0;renovação
80432693000120;BITREM 9 eixos;RYY3I16;RAJ9B85;RAJ9C45;;;BA,DNIT,GO,MG,PA,PE,PR,SP;25.4;2.6;4.4;74.0;renovação
80432693000120;BITREM 9 eixos;RYY3I36;QJC-9553;QJD-2753;;;BA,DNIT,GO,MG,PE,PR,SP;25.5;2.6;4.4;74.0;renovação
80432693000120;BITREM 9 eixos;RYY3I66;RAI-4858;RAI-4828;;;BA,DNIT,PR;25.8;2.6;4.4;74.0;renovação
80432693000120;BITREM 9 eixos;RYZ8A65;RLF-6D90;RLF-6B30;;;BA,DNIT,PA,PR,SP;25.4;2.6;4.4;74.0;renovação
80432693000120;BITREM 9 eixos;SXC2A24;REA7G24;REA7G14;;;BA,DNIT,MG,MS,PA,PE,PR,SP,TO;26;2.6;4.4;74.0;renovação
80432693000120;BITREM 9 eixos;SXC2A44;REA7F64;REA7F94;;;BA,DNIT,MG,PA,PE,PR,SP;26;2.6;4.4;74.0;renovação
80432693000120;BITREM 9 eixos;SXC2A64;REA7F84;REA7F54;;;BA,DNIT,MG,PA,PE,PR,SP;26;2.6;4.4;74.0;renovação
80432693000120;BITREM 9 eixos;SXC2A74;REA7F34;RLE4A27;;;BA,MS,PA,PR;26;2.6;4.4;74.0;renovação
80432693000120;BITREM 9 eixos;SXD8C14;RLF8G37;RLF8G57;;;BA,DNIT,MG,PA,PE,PR,SP;26;2.6;4.4;74.0;renovação
80432693000120;BITREM 9 eixos;SXD8C24;RAB-5185;RAB-4785;;;BA,DNIT,MG,PA,PE,PR,SP;26;2.6;4.4;74.0;renovação
80432693000120;BITREM 9 eixos;SXD8D64;RLK9B02;RLK9B12;;;BA,DNIT,MG,PA,PE,PR,SP;25.4;2.6;4.4;74.0;renovação
80432693000120;BITREM 9 eixos;SXD8E74;QJO-1894;QJO-1884;;;BA,DNIT,MG,PA,PE,PR,SP;25.7;2.6;4.4;74.0;renovação
80432693000120;BITREM 9 eixos;SXD8F74;REA7G44;REA7G34;;;BA,DNIT,MG,PA,PE,PR,SP;26;2.6;4.4;74.0;renovação
80432693000120;BITREM 9 eixos;SXD8G74;RAB-5285;RAB-5065;;;BA,DNIT,MG,PA,PE,PR,SP;26;2.6;4.4;74.0;renovação
80432693000120;BITREM 9 eixos;SXD9A64;RAB-5125;RAB-5075;;;BA,DNIT,MG,PA,PE,PR,SP;26;2.6;4.4;74.0;renovação
80432693000120;BITREM 9 eixos;SXD9C64;RLF7E37;RLF8F77;;;BA,DNIT,MG,PA,PE,PR,SP;26;2.6;4.4;74.0;renovação
80432693000120;BITREM 9 eixos;SXD9D34;RAJ8I65;RAJ8I85;;;BA,DNIT,MG,PA,PE,PR,SP,TO;25.4;2.6;4.4;74.0;renovação
80432693000120;BITREM 9 eixos;SXF2E25;RLC0I26;RLC0I56;;;BA,DNIT,PA,PE,PR,SP,TO;25.4;2.6;4.4;74.0;renovação
80432693000120;BITREM 9 eixos;SXF5G16;RAI0H85;RAI0E25;;;BA,GO,PE,PR,SP;25.3;2.6;4.4;74.0;renovação
80432693000120;BITREM 9 eixos;SXF5G26;RAB-5335;RAB-3045;;;DNIT,GO,MG,PA,PE,PR,SP;26;2.6;4.4;74.0;renovação
80432693000120;BITREM 9 eixos;SXF5G56;RLI1A67;RLI1A77;;;BA,DNIT,GO,MG,PE,PR,SP,TO;25.4;2.6;4.4;74.0;renovação
80432693000120;BITREM 9 eixos;SXG1G64;QJX-3270;QJX-3870;;;BA,DNIT,MG,PA,PE,PR,SP;29.7;2.6;4.4;74.0;renovação
80432693000120;BITREM 9 eixos;SXG1G84;QJO-3156;QJO-2976;;;BA,DNIT,MG,PA,PE,PR,SP;29.7;2.6;4.4;74.0;renovação
80432693000120;BITREM 9 eixos;SXG1H14;QJX-2460;QJX-1650;;;BA,DNIT,MG,PA,PE,PR,SP;29.7;2.6;4.4;74.0;renovação
80432693000120;BITREM 9 eixos;SXG1I04;QJX-3760;QJW-9470;;;BA,DNIT,MG,PA,PE,PR,SP;29.7;2.6;4.4;74.0;renovação
80432693000120;BITREM 9 eixos;SXG1J14;RAJ8H35;RAJ8J55;;;BA,DNIT,MG,PA,PE,PR;25.4;2.6;4.4;74.0;renovação
80432693000120;BITREM 9 eixos;SXJ8D64;RLA0E18;RLA0D78;;;BA,DNIT,MG,PA,PE,PR,SP;25.4;2.6;4.4;74.0;renovação
80432693000120;BITREM 9 eixos;SXJ8D74;REA7G04;REA7F74;;;BA,DNIT,MG,PA,PE,PR,SP;26;2.6;4.4;74.0;renovação
80432693000120;BITREM 9 eixos;RDT7J15;RAI1B75;RAI1B55;;;BA,DNIT,MG,PE,PR,SP;25.4;2.6;4.4;74.0;renovação
80432693000120;BITREM 9 eixos;REA3H84;RAI1A95;RAI1A25;;;BA,DNIT,MG,PE,PR,SP;25.4;2.6;4.4;74.0;renovação
80432693000120;BITREM 9 eixos;RLE9I47;RAI-5018;RAI-5258;;;BA,DNIT,GO,PR,SP;25.8;2.6;4.4;74.0;renovação
80432693000120;BITREM 9 eixos;RLI1I34;RLH3I62;RLH3I42;;;BA,DNIT,PA,PR,SP;25.4;2.6;4.4;74.0;renovação
80432693000120;BITREM 9 eixos;RLI1I34;RLH3I62;RLH3I42;;;BA,DNIT,PA,PR,SP;25.4;2.6;4.4;74.0;renovação
80432693000120;BITREM 9 eixos;RLI1J34;RLA0F82;RLA0G62;;;BA,DNIT,PA,PR,SP;25.4;2.6;4.4;74.0;renovação
80432693000120;BITREM 9 eixos;RLI2D94;RLK0A53;RLJ9D43;;;BA,DNIT,PA,PR,SP;25.4;2.6;4.4;74.0;renovação
80432693000120;BITREM 9 eixos;RLI2F84;RLH3I92;RLH3I72;;;BA,DNIT,PA,PR,SP;25.4;2.6;4.4;74.0;renovação
80432693000120;BITREM 9 eixos;RLI2G14;RLK1F53;RLK1E73;;;BA,DNIT,PA,PR,SP;25.4;2.6;4.4;74.0;renovação
80432693000120;BITREM 9 eixos;RYW1C65;QII-5444;QII-5394;;;BA,DNIT,PE,PR,SP;25.5;2.6;4.4;74.0;renovação
80432693000120;BITREM 9 eixos;RYX4D36;RDV6F06;RDV5J86;;;BA,DNIT,GO,MG,PA,PE,PR,SP;25.4;2.6;4.4;74.0;renovação
80432693000120;BITREM 9 eixos;RYX4E36;QIM-7914;QIM-8414;;;BA,DNIT,GO,MG,PA,PE,PR,SP;25.5;2.6;4.4;74.0;renovação
80432693000120;BITREM 9 eixos;RYX8H05;RAG-3780;RAG-3790;;;BA,DNIT,PE,PR,SP,TO;29.7;2.6;4.4;74.0;renovação
80432693000120;BITREM 9 eixos;RYY2D95;RLK1D93;RLK4C23;;;BA,DNIT,MG,PA,PE,PR,SP;25.4;2.6;4.4;74.0;renovação
80432693000120;BITREM 9 eixos;RYY3A75;QJX-8053;QJX-8083;;;BA,DNIT,MG,PA,PE,PR,SP;25.7;2.6;4.4;74.0;renovação
80432693000120;BITREM 9 eixos;RYY3D05;QJX-2790;QJX-3480;;;BA,DNIT,MG,PE,PR,SP;29.7;2.6;4.4;74.0;renovação
80432693000120;BITREM 9 eixos;RYY3D35;QJO-3066;QJO-2736;;;BA,DNIT,MG,PA,PE,PR,SP,TO;29.7;2.6;4.4;74.0;renovação
80432693000120;BITREM 9 eixos;RYY3D65;RDT7D73;RDT7E03;;;BA,DNIT,MG,PE,PR,SP;25.4;2.6;4.4;74.0;renovação
80432693000120;BITREM 9 eixos;RYY3E35;RLH3J32;RLH3J12;;;BA,DNIT,MG,PA,PE,PR,SP;25.4;2.6;4.4;74.0;renovação
80432693000120;BITREM 9 eixos;RYY3E75;RDV5J06;RDV6F36;;;BA,DNIT,MG,PA,PE,PR,SP,TO;25.4;2.6;4.4;74.0;renovação
80432693000120;BITREM 9 eixos;RYY3E85;QJX-2670;QJW-6350;;;BA,DNIT,MG,PA,PE,PR,SP,TO;29.7;2.6;4.4;74.0;renovação
80432693000120;BITREM 9 eixos;RYY3F65;RLC0H16;RLC0H46;;;BA,DNIT,MG,PA,PE,PR,SP;25.4;2.6;4.4;74.0;renovação
80432693000120;BITREM 9 eixos;RYY3F85;RLJ9G36;RLJ4B36;;;BA,DNIT,MG,PA,PE,PR,SP;25.4;2.6;4.4;74.0;renovação
80432693000120;BITREM 9 eixos;RYY3G05;QJY-6360;QJX-4150;;;BA,DNIT,MG,PA,PE,PR,SP,TO;29.7;2.6;4.4;74.0;renovação
80432693000120;BITREM 9 eixos;RYY3G45;QJX-3313;QJX-3893;;;BA,DNIT,MG,PA,PE,PR,SP;25.7;2.6;4.4;74.0;renovação
80432693000120;BITREM 9 eixos;RYY3G95;RLF8F97;RLF8G97;;;BA,DNIT,MG,PA,PE,PR,SP,TO;26;2.6;4.4;74.0;renovação
80432693000120;BITREM 9 eixos;RYY3I06;RAJ9B35;RAJ9B45;;;BA,DNIT,GO,MG,PA,PE,PR,SP;25.4;2.6;4.4;74.0;renovação
80432693000120;BITREM 9 eixos;RYY3I16;RAJ9B85;RAJ9C45;;;BA,DNIT,GO,MG,PA,PE,PR,SP;25.4;2.6;4.4;74.0;renovação
80432693000120;BITREM 9 eixos;RYY3I36;QJC-9553;QJD-2753;;;BA,DNIT,GO,MG,PE,PR,SP;25.5;2.6;4.4;74.0;renovação
80432693000120;BITREM 9 eixos;RYY3i66;RAI-4858;RAI-4828;;;GO,MG,PE,SP;25.8;2.6;4.4;74.0;renovação
80432693000120;BITREM 9 eixos;RYZ8A65;RLF-6D90;RLF-6B30;;;BA,DNIT,PA,PR,SP;25.4;2.6;4.4;74.0;renovação
80432693000120;BITREM 9 eixos;SXC2A24;REA7G24;REA7G14;;;BA,DNIT,MG,MS,PA,PE,PR,SP,TO;26;2.6;4.4;74.0;renovação
80432693000120;BITREM 9 eixos;SXC2A44;REA7F64;REA7F94;;;BA,DNIT,MG,PA,PE,PR,SP;26;2.6;4.4;74.0;renovação
80432693000120;BITREM 9 eixos;SXC2A64;REA7F84;REA7F54;;;BA,DNIT,MG,PA,PE,PR,SP;26;2.6;4.4;74.0;renovação
80432693000120;BITREM 9 eixos;SXD8C14;RLF8G37;RLF8G57;;;BA,DNIT,MG,PA,PE,PR,SP;26;2.6;4.4;74.0;renovação
80432693000120;BITREM 9 eixos;SXD8C24;RAB-5185;RAB-4785;;;BA,DNIT,MG,PA,PE,PR,SP;26;2.6;4.4;74.0;renovação
80432693000120;BITREM 9 eixos;SXD8D64;RLK9B02;RLK9B12;;;BA,DNIT,MG,PA,PE,PR,SP;25.4;2.6;4.4;74.0;renovação
80432693000120;BITREM 9 eixos;SXD8E74;QJO-1894;QJO-1884;;;BA,DNIT,MG,PA,PE,PR,SP;25.7;2.6;4.4;74.0;renovação
80432693000120;BITREM 9 eixos;SXD8F74;REA7G44;REA7G34;;;BA,DNIT,MG,PA,PE,PR,SP;26;2.6;4.4;74.0;renovação
80432693000120;BITREM 9 eixos;SXD8G74;RAB-5285;RAB-5065;;;BA,DNIT,MG,PA,PE,PR,SP;26;2.6;4.4;74.0;renovação
80432693000120;BITREM 9 eixos;SXD9A64;RAB-5125;RAB-5075;;;BA,DNIT,MG,PA,PE,PR,SP;26;2.6;4.4;74.0;renovação
80432693000120;BITREM 9 eixos;SXD9C64;RLF7E37;RLF8F77;;;BA,DNIT,MG,PA,PE,PR,SP;26;2.6;4.4;74.0;renovação
80432693000120;BITREM 9 eixos;SXD9D34;RAJ8I65;RAJ8I85;;;BA,DNIT,MG,PA,PE,PR,SP,TO;25.4;2.6;4.4;74.0;renovação
80432693000120;BITREM 9 eixos;SXF2E25;RLC0I26;RLC0I56;;;BA,DNIT,PA,PE,PR,SP,TO;25.4;2.6;4.4;74.0;renovação
80432693000120;BITREM 9 eixos;SXF5G16;RAI0H85;RAI0E25;;;BA,GO,PE,PR,SP;25.3;2.6;4.4;74.0;renovação
80432693000120;BITREM 9 eixos;SXF5G26;RAB-5335;RAB-3045;;;DNIT,GO,MG,PA,PE,PR,SP;26;2.6;4.4;74.0;renovação
80432693000120;BITREM 9 eixos;SXF5G56;RLI1A67;RLI1A77;;;BA,DNIT,GO,MG,PE,PR,SP,TO;25.4;2.6;4.4;74.0;renovação
80432693000120;BITREM 9 eixos;SXG1G64;QJX-3270;QJX-3870;;;BA,DNIT,MG,PA,PE,PR,SP;29.7;2.6;4.4;74.0;renovação
80432693000120;BITREM 9 eixos;SXG1G84;QJO-3156;QJO-2976;;;BA,DNIT,MG,PA,PE,PR,SP;29.7;2.6;4.4;74.0;renovação
80432693000120;BITREM 9 eixos;SXG1H14;QJX-2460;QJX-1650;;;BA,DNIT,MG,PA,PE,PR,SP;29.7;2.6;4.4;74.0;renovação
80432693000120;BITREM 9 eixos;SXG1I04;QJX-3760;QJW-9470;;;BA,DNIT,MG,PA,PE,PR,SP;29.7;2.6;4.4;74.0;renovação
80432693000120;BITREM 9 eixos;SXJ8D64;RLA0E18;RLA0D78;;;BA,DNIT,MG,PA,PE,PR,SP;25.4;2.6;4.4;74.0;renovação
80432693000120;BITREM 9 eixos;SXJ8D74;REA7G04;REA7F74;;;BA,DNIT,MG,PA,PE,PR,SP;26;2.6;4.4;74.0;renovação
80432693000120;BITREM 9 eixos;RYX8H05;RAG-3780;RAG-3790;;;BA,DNIT,PE,PR,SP,TO;29.7;2.6;4.4;74.0;renovação
80432693000120;BITREM 9 eixos;RYY1C25;RAG-3830;RAG-3840;;;BA,DNIT,PA,PE,PR,TO;29.7;2.6;4.4;74.0;renovação
80432693000120;BITREM 9 eixos;RYY3D35;QJO-3066;QJO-2736;;;BA,DNIT,MG,PA,PE,PR,SP,TO;29.7;2.6;4.4;74.0;renovação
80432693000120;BITREM 9 eixos;RYY3E75;RDV5J06;RDV6F36;;;BA,DNIT,MG,PA,PE,PR,SP,TO;25.4;2.6;4.4;74.0;renovação
80432693000120;BITREM 9 eixos;RYY3E85;QJX-2670;QJW-6350;;;BA,DNIT,MG,PA,PE,PR,SP,TO;29.7;2.6;4.4;74.0;renovação
80432693000120;BITREM 9 eixos;RYY3G05;QJY-6360;QJX-4150;;;BA,DNIT,MG,PA,PE,PR,SP,TO;29.7;2.6;4.4;74.0;renovação
80432693000120;BITREM 9 eixos;RYY3G95;RLF8F97;RLF8G97;;;BA,DNIT,MG,PA,PE,PR,SP,TO;26;2.6;4.4;74.0;renovação
80432693000120;BITREM 9 eixos;SXC2A24;REA7G24;REA7G14;;;BA,DNIT,MG,MS,PA,PE,PR,SP,TO;26;2.6;4.4;74.0;renovação
80432693000120;BITREM 9 eixos;SXD9D34;RAJ8I65;RAJ8I85;;;BA,DNIT,MG,PA,PE,PR,SP,TO;25.4;2.6;4.4;74.0;renovação
80432693000120;BITREM 9 eixos;SXF2E25;RLC0I26;RLC0I56;;;BA,DNIT,PA,PE,PR,SP,TO;25.4;2.6;4.4;74.0;renovação
80432693000120;BITREM 9 eixos;SXF5G56;RLI1A67;RLI1A77;;;BA,DNIT,GO,MG,PE,PR,SP,TO;25.4;2.6;4.4;74.0;renovação
80432693000120;RODOTREM 9 eixos;RLG7G95;RLF0H15;RLF0F75;RLF0G65;;BA,DNIT,PA,PE,PR;25.6;2.6;4.4;74.0;renovação
80432693000120;RODOTREM 9 eixos;RLG9J65;RLG4G84;RLG4F74;RLG4G14;;BA,DNIT,PA,PE,PR;25.6;2.6;4.4;74.0;renovação
80432693000120;RODOTREM 9 eixos;RLI1J44;RLG5H44;RLG4E54;RLG3E94;;BA,DNIT,MG,PA,PE,PR,SP;25.6;2.6;4.4;74.0;renovação
80432693000120;RODOTREM 9 eixos;RLI2B04;RLG4D34;RLG3H44;RLG4C54;;BA,DNIT,MG,PA,PE,PR;25.6;2.6;4.4;74.0;renovação
80432693000120;RODOTREM 9 eixos;RLI2C64;RLK0D03;RLK0C53;RLK0C03;;BA,DNIT,MG,PR,SP;25.6;2.6;4.4;74.0;renovação
80432693000120;RODOTREM 9 eixos;RLI2D14;RLJ9I73;RLK1D63;RLJ9I43;;BA,DNIT,MG,PA,PE,PR,SP;25.6;2.6;4.4;74.0;renovação
80432693000120;RODOTREM 9 eixos;RLJ4F26;RLI3J46;RLI1J06;RLI3J86;;BA,DNIT,GO,PE;25.6;2.6;4.4;74.0;renovação
80432693000120;RODOTREM 9 eixos;RLJ4F36;RLI3G56;RLI3J16;RLI3G96;;BA,DNIT,GO,PE;25.6;2.6;4.4;74.0;renovação
80432693000120;RODOTREM 9 eixos;RLJ4F46;RLI3F76;RLI3G46;RLI3G36;;BA,DNIT,GO,PE;25.6;2.6;4.4;74.0;renovação
80432693000120;RODOTREM 9 eixos;RXX7J99;RXX5F02;RXX5F52;RXX5C82;;BA,GO,MG;25.5;2.6;4.4;74.0;renovação
80432693000120;RODOTREM 9 eixos;RXX8F49;RYK6J32;RYK7A72;RYK7A42;;BA,DNIT,PR;25.5;2.6;4.4;74.0;renovação
80432693000120;RODOTREM 9 eixos;RXX8F89;RYK6E12;RYK6F52;RYK6E92;;BA,DNIT,PR;25.5;2.6;4.4;74.0;renovação
80432693000120;RODOTREM 9 eixos;RXX8F99;RYA2G19;RYA3E19;RYA4B79;;BA,MS;25.5;2.6;4.4;74.0;renovação
80432693000120;RODOTREM 9 eixos;RXX8G69;RYE2H73;RYE0F23;RYE2G23;;BA,DNIT,MG,PE,PR;25.5;2.6;4.4;74.0;renovação
80432693000120;RODOTREM 9 eixos;RYD4I58;RXX5C42;RXX5E62;RXX5D42;;BA,MG;25.5;2.6;4.4;74.0;renovação
80432693000120;RODOTREM 9 eixos;RYD4I78;RXW4J61;RXW4J71;RXW4I41;;BA,GO,MS;25.6;2.6;4.4;74.0;renovação
80432693000120;RODOTREM 9 eixos;RYD4J08;RYA0B79;RYA2I59;RYA3I39;;BA,GO,MS;25.5;2.6;4.4;74.0;renovação
80432693000120;RODOTREM 9 eixos;RYD5A48;RYA0A39;RYA2H49;RYA3H69;;BA,GO,MS;25.5;2.6;4.4;74.0;renovação
80432693000120;RODOTREM 9 eixos;RYD5C78;RXX5C02;RXX5G02;RXX5D22;;BA,MG;25.5;2.6;4.4;74.0;renovação
80432693000120;RODOTREM 9 eixos;RYD5D58;RYK6H02;RYK6I92;RYK6I12;;BA,DNIT,GO,PR;25.5;2.6;4.4;74.0;renovação
80432693000120;RODOTREM 9 eixos;RYD5I18;RXW4J81;RXW4J91;RXW4I51;;BA,GO,MS;25.6;2.6;4.4;74.0;renovação
80432693000120;RODOTREM 9 eixos;RYD6E98;RXW4J11;RXW4J21;RXW4I11;;BA,GO,MG;25.5;2.6;4.4;74.0;renovação
80432693000120;RODOTREM 9 eixos;RYD6H38;RYE2I03;RYE2H23;RYE2G43;;BA,DNIT,GO,MG,PE,PR;25.5;2.6;4.4;74.0;renovação
80432693000120;RODOTREM 9 eixos;RYD6I68;RYD9G33;RYD9J13;RYD9I13;;BA,DNIT,GO,MG,PE,PR;25.5;2.6;4.4;74.0;renovação
80432693000120;RODOTREM 9 eixos;RYD6I88;RYD9F53;RYD9J73;RYD9E53;;BA,DNIT,GO,MG,PE,PR;25.5;2.6;4.4;74.0;renovação
80432693000120;RODOTREM 9 eixos;RYD6J28;RYE2I83;RYE2H33;RYE2G83;;BA,DNIT,GO,MG,PE,PR;25.5;2.6;4.4;74.0;renovação
80432693000120;RODOTREM 9 eixos;RYD6J68;RYE2I53;RYD7F13;RYE2G73;;BA,DNIT,GO,MG,PE,PR;25.5;2.6;4.4;74.0;renovação
80432693000120;RODOTREM 9 eixos;RYD6J78;RXX5C52;RXX5E32;RXX5E02;;BA,MG;25.5;2.6;4.4;74.0;renovação
80432693000120;RODOTREM 9 eixos;RYD7B28;RXW4I61;RXW4I81;RXW4A11;;BA,GO,MS;25.6;2.6;4.4;74.0;renovação
80432693000120;RODOTREM 9 eixos;RYD8G78;RXX5B72;RXX5E82;RXX5D92;;BA,GO,MG;25.5;2.6;4.4;74.0;renovação
80432693000120;RODOTREM 9 eixos;RYD8H38;RYG9B87;RYG9C47;RYG9C17;;BA,DNIT,GO,MG,PE,PR;25.6;2.6;4.4;74.0;renovação
80432693000120;RODOTREM 9 eixos;RYD8H68;RXW4J31;RXW4J51;RXW4I21;;BA,GO,MG;25.5;2.6;4.4;74.0;renovação
80432693000120;RODOTREM 9 eixos;RYD9A28;RXV2A51;RXV1H81;RXV1J21;;BA,GO,MS;25.4;2.6;4.4;74.0;renovação
80432693000120;RODOTREM 9 eixos;RYY3G75;REA-7J15;REA-7J35;REA-7J45;;BA,DNIT,MG,PA,PE,PR,SP;30;2.6;4.4;74.0;renovação
80432693000120;RODOTREM 9 eixos;SXF5G46;SXD6F55;SXD6F45;SXD6F05;;BA,GO,PE,PR,SP;25.3;2.6;4.4;74.0;renovação
80432693000120;RODOTREM 9 eixos;RLG7G95;RLF0H15;RLF0F75;RLF0G65;;BA,DNIT,PA,PE,PR;25.6;2.6;4.4;74.0;renovação
80432693000120;RODOTREM 9 eixos;RLG9J65;RLG4G84;RLG4F74;RLG4G14;;BA,DNIT,PA,PE,PR;25.6;2.6;4.4;74.0;renovação
80432693000120;RODOTREM 9 eixos;RLH0A75;RLO1J15;RLO1I45;RLO1H95;;DNIT,PA,PR;25.6;2.6;4.4;74.0;renovação
80432693000120;RODOTREM 9 eixos;RLI1J44;RLG5H44;RLG4E54;RLG3E94;;BA,DNIT,MG,PA,PE,PR,SP;25.6;2.6;4.4;74.0;renovação
80432693000120;RODOTREM 9 eixos;RLI2B04;RLG4D34;RLG3H44;RLG4C54;;BA,DNIT,MG,PA,PE,PR;25.6;2.6;4.4;74.0;renovação
80432693000120;RODOTREM 9 eixos;RLI2C64;RLK0D03;RLK0C53;RLK0C03;;BA,DNIT,MG,PR,SP;25.6;2.6;4.4;74.0;renovação
80432693000120;RODOTREM 9 eixos;RLI2D14;RLJ9I73;RLK1D63;RLJ9I43;;BA,DNIT,MG,PA,PE,PR,SP;25.6;2.6;4.4;74.0;renovação
80432693000120;RODOTREM 9 eixos;RLJ4F26;RLI3J46;RLI1J06;RLI3J86;;BA,DNIT,GO,PE;25.6;2.6;4.4;74.0;renovação
80432693000120;RODOTREM 9 eixos;RLJ4F36;RLI3G56;RLI3J16;RLI3G96;;BA,DNIT,GO,PE;25.6;2.6;4.4;74.0;renovação
80432693000120;RODOTREM 9 eixos;RLJ4F46;RLI3F76;RLI3G46;RLI3G36;;BA,DNIT,GO,PE;25.6;2.6;4.4;74.0;renovação
80432693000120;RODOTREM 9 eixos;RLJ4F56;RLI3D26;RLI4C36;RLI4A46;;DNIT,GO,PE;25.6;2.6;4.4;74.0;renovação
80432693000120;RODOTREM 9 eixos;RXX8D29;RYG8I77;RYG8J07;RYG8I87;;DNIT,MG,PE;25.6;2.6;4.4;74.0;renovação
80432693000120;RODOTREM 9 eixos;RXX8F49;RYK6J32;RYK7A72;RYK7A42;;BA,DNIT,PR;25.5;2.6;4.4;74.0;renovação
80432693000120;RODOTREM 9 eixos;RXX8F89;RYK6E12;RYK6F52;RYK6E92;;BA,DNIT,PR;25.5;2.6;4.4;74.0;renovação
80432693000120;RODOTREM 9 eixos;RXX8G69;RYE2H73;RYE0F23;RYE2G23;;BA,DNIT,MG,PE,PR;25.5;2.6;4.4;74.0;renovação
80432693000120;RODOTREM 9 eixos;RYD4I18;RXQ7A10;RXQ5I80;RXQ8I50;;DNIT,GO,MS;25.4;2.6;4.4;74.0;renovação
80432693000120;RODOTREM 9 eixos;RYD5C18;RYK7B02;RYK7B82;RYK7B52;;DNIT,GO,PR;25.5;2.6;4.4;74.0;renovação
80432693000120;RODOTREM 9 eixos;RYD5D58;RYK6H02;RYK6I92;RYK6I12;;BA,DNIT,GO,PR;25.5;2.6;4.4;74.0;renovação
80432693000120;RODOTREM 9 eixos;RYD5G98;RYK7D12;RYK5C82;RYK7F42;;DNIT,GO,PR;25.5;2.6;4.4;74.0;renovação
80432693000120;RODOTREM 9 eixos;RYD6B28;RYK7G62;RYK7H12;RYK7G72;;DNIT,GO,PR;25.5;2.6;4.4;74.0;renovação
80432693000120;RODOTREM 9 eixos;RYD6H38;RYE2I03;RYE2H23;RYE2G43;;BA,DNIT,GO,MG,PE,PR;25.5;2.6;4.4;74.0;renovação
80432693000120;RODOTREM 9 eixos;RYD6I68;RYD9G33;RYD9J13;RYD9I13;;BA,DNIT,GO,MG,PE,PR;25.5;2.6;4.4;74.0;renovação
80432693000120;RODOTREM 9 eixos;RYD6I88;RYD9F53;RYD9J73;RYD9E53;;BA,DNIT,GO,MG,PE,PR;25.5;2.6;4.4;74.0;renovação
80432693000120;RODOTREM 9 eixos;RYD6J28;RYE2I83;RYE2H33;RYE2G83;;BA,DNIT,GO,MG,PE,PR;25.5;2.6;4.4;74.0;renovação
80432693000120;RODOTREM 9 eixos;RYD6J68;RYE2I53;RYD7F13;RYE2G73;;BA,DNIT,GO,MG,PE,PR;25.5;2.6;4.4;74.0;renovação
80432693000120;RODOTREM 9 eixos;RYD8H38;RYG9B87;RYG9C47;RYG9C17;;BA,DNIT,GO,MG,PE,PR;25.6;2.6;4.4;74.0;renovação
80432693000120;RODOTREM 9 eixos;RYY3G75;REA-7J15;REA-7J35;REA-7J45;;BA,DNIT,MG,PA,PE,PR,SP;30;2.6;4.4;74.0;renovação
80432693000120;RODOTREM 9 eixos;RLJ4F26;RLI3J46;RLI1J06;RLI3J86;;BA,DNIT,GO,PE;25.6;2.6;4.4;74.0;renovação
80432693000120;RODOTREM 9 eixos;RLJ4F36;RLI3G56;RLI3J16;RLI3G96;;BA,DNIT,GO,PE;25.6;2.6;4.4;74.0;renovação
80432693000120;RODOTREM 9 eixos;RLJ4F46;RLI3F76;RLI3G46;RLI3G36;;BA,DNIT,GO,PE;25.6;2.6;4.4;74.0;renovação
80432693000120;RODOTREM 9 eixos;RLJ4F56;RLI3D26;RLI4C36;RLI4A46;;DNIT,GO,PE;25.6;2.6;4.4;74.0;renovação
80432693000120;RODOTREM 9 eixos;RXP0H48;RLI3F26;RLI3F56;RLI2E96;;GO,PE;25.6;2.6;4.4;74.0;renovação
80432693000120;RODOTREM 9 eixos;RXP0H78;RLI4F26;RLI3F16;RLI3F06;;GO,MG,PE,PR;25.6;2.6;4.4;74.0;renovação
80432693000120;RODOTREM 9 eixos;RXW0A18;RXX9G58;RXX9H68;RXX9G98;;GO;25.6;2.6;4.4;74.0;renovação
80432693000120;RODOTREM 9 eixos;RXX7J99;RXX5F02;RXX5F52;RXX5C82;;BA,GO,MG;25.5;2.6;4.4;74.0;renovação
80432693000120;RODOTREM 9 eixos;RYC2D58;RYD5B37;RYD4H77;RYD4J47;;GO,MS;25.6;2.6;4.4;74.0;renovação
80432693000120;RODOTREM 9 eixos;RYD4H58;RYA0C79;RYA2J59;RYA4A19;;GO,MS;25.6;2.6;4.4;74.0;renovação
80432693000120;RODOTREM 9 eixos;RYD4I18;RXQ7A10;RXQ5I80;RXQ8I50;;DNIT,GO,MS;25.4;2.6;4.4;74.0;renovação
80432693000120;RODOTREM 9 eixos;RYD4I78;RXW4J61;RXW4J71;RXW4I41;;BA,GO,MS;25.6;2.6;4.4;74.0;renovação
80432693000120;RODOTREM 9 eixos;RYD4I88;RXQ7F60;RXQ7G10;RXQ8G90;;GO,MS;25.4;2.6;4.4;74.0;renovação
80432693000120;RODOTREM 9 eixos;RYD4J08;RYA0B79;RYA2I59;RYA3I39;;BA,GO,MS;25.5;2.6;4.4;74.0;renovação
80432693000120;RODOTREM 9 eixos;RYD5A48;RYA0A39;RYA2H49;RYA3H69;;BA,GO,MS;25.5;2.6;4.4;74.0;renovação
80432693000120;RODOTREM 9 eixos;RYD5B68;RYA0D19;RYA2J29;RYA3J79;;GO,MS;25.6;2.6;4.4;74.0;renovação
80432693000120;RODOTREM 9 eixos;RYD5B88;RXQ7H10;RXQ7H70;RXQ7H30;;GO;25.4;2.6;4.4;74.0;renovação
80432693000120;RODOTREM 9 eixos;RYD5C18;RYK7B02;RYK7B82;RYK7B52;;DNIT,GO,PR;25.5;2.6;4.4;74.0;renovação
80432693000120;RODOTREM 9 eixos;RYD5C28;RYA0A79;RYA2H79;RYA2C69;;GO;25.6;2.6;4.4;74.0;renovação
80432693000120;RODOTREM 9 eixos;RYD5C48;RYE9I88;RYF0B18;RYE9D18;;GO,MS;25.6;2.6;4.4;74.0;renovação
80432693000120;RODOTREM 9 eixos;RYD5D18;RYA0C59;RYA2I99;RYA3J09;;GO,MS;25.6;2.6;4.4;74.0;renovação
80432693000120;RODOTREM 9 eixos;RYD5D48;RXZ9J19;RYA2G79;RYA3F69;;GO,MS;25.6;2.6;4.4;74.0;renovação
80432693000120;RODOTREM 9 eixos;RYD5D58;RYK6H02;RYK6I92;RYK6I12;;BA,DNIT,GO,PR;25.5;2.6;4.4;74.0;renovação
80432693000120;RODOTREM 9 eixos;RYD5E98;RXZ9J89;RYA2H39;RYA3H19;;GO,MS;25.6;2.6;4.4;74.0;renovação
80432693000120;RODOTREM 9 eixos;RYD5F38;RYA0C09;RYA2I79;RYA3I89;;GO;25.6;2.6;4.4;74.0;renovação
80432693000120;RODOTREM 9 eixos;RYD5G98;RYK7D12;RYK5C82;RYK7F42;;DNIT,GO,PR;25.5;2.6;4.4;74.0;renovação
80432693000120;RODOTREM 9 eixos;RYD5H18;RYF0A58;RYF0C98;RYE9H58;;GO;25.6;2.6;4.4;74.0;renovação
80432693000120;RODOTREM 9 eixos;RYD5H68;RYA2G49;RYA2H29;RYA3G69;;GO;25.6;2.6;4.4;74.0;renovação
80432693000120;RODOTREM 9 eixos;RYD5I08;RXQ6I80;RXQ6I90;RXQ8J10;;GO;25.4;2.6;4.4;74.0;renovação
80432693000120;RODOTREM 9 eixos;RYD5I18;RXW4J81;RXW4J91;RXW4I51;;BA,GO,MS;25.6;2.6;4.4;74.0;renovação
80432693000120;RODOTREM 9 eixos;RYD6B28;RYK7G62;RYK7H12;RYK7G72;;DNIT,GO,PR;25.5;2.6;4.4;74.0;renovação
80432693000120;RODOTREM 9 eixos;RYD6B48;RYA0B29;RYA2H89;RYA3H99;;GO;25.6;2.6;4.4;74.0;renovação
80432693000120;RODOTREM 9 eixos;RYD6B68;RXZ9J39;RYA2G89;RYA3G19;;GO,MS;25.5;2.6;4.4;74.0;renovação
80432693000120;RODOTREM 9 eixos;RYD6B78;RXQ8D30;RXQ8E70;RXQ8G20;;GO,MS;25.4;2.6;4.4;74.0;renovação
80432693000120;RODOTREM 9 eixos;RYD6C28;RYF0A68;RYF0C28;RYE9H78;;GO,MS;25.6;2.6;4.4;74.0;renovação
80432693000120;RODOTREM 9 eixos;RYD6E98;RXW4J11;RXW4J21;RXW4I11;;BA,GO,MG;25.5;2.6;4.4;74.0;renovação
80432693000120;RODOTREM 9 eixos;RYD6H38;RYE2I03;RYE2H23;RYE2G43;;BA,DNIT,GO,MG,PE,PR;25.5;2.6;4.4;74.0;renovação
80432693000120;RODOTREM 9 eixos;RYD6I68;RYD9G33;RYD9J13;RYD9I13;;BA,DNIT,GO,MG,PE,PR;25.5;2.6;4.4;74.0;renovação
80432693000120;RODOTREM 9 eixos;RYD6I88;RYD9F53;RYD9J73;RYD9E53;;BA,DNIT,GO,MG,PE,PR;25.5;2.6;4.4;74.0;renovação
80432693000120;RODOTREM 9 eixos;RYD6J28;RYE2I83;RYE2H33;RYE2G83;;BA,DNIT,GO,MG,PE,PR;25.5;2.6;4.4;74.0;renovação
80432693000120;RODOTREM 9 eixos;RYD6J68;RYE2I53;RYD7F13;RYE2G73;;BA,DNIT,GO,MG,PE,PR;25.5;2.6;4.4;74.0;renovação
80432693000120;RODOTREM 9 eixos;RYD6J88;RYG8J47;RYG8J67;RYG8J57;;GO;25.6;2.6;4.4;74.0;renovação
80432693000120;RODOTREM 9 eixos;RYD7A18;RXZ8E59;RYA3E79;RYA4C09;;GO,MS;25.5;2.6;4.4;74.0;renovação
80432693000120;RODOTREM 9 eixos;RYD7B08;RYE9I18;RYF0B68;RYE9G08;;GO;25.6;2.6;4.4;74.0;renovação
80432693000120;RODOTREM 9 eixos;RYD7B28;RXW4I61;RXW4I81;RXW4A11;;BA,GO,MS;25.6;2.6;4.4;74.0;renovação
80432693000120;RODOTREM 9 eixos;RYD7B48;RYA2F89;RYA3A99;RYA4B09;;GO,MS;25.6;2.6;4.4;74.0;renovação
80432693000120;RODOTREM 9 eixos;RYD8G78;RXX5B72;RXX5E82;RXX5D92;;BA,GO,MG;25.5;2.6;4.4;74.0;renovação
80432693000120;RODOTREM 9 eixos;RYD8H38;RYG9B87;RYG9C47;RYG9C17;;BA,DNIT,GO,MG,PE,PR;25.6;2.6;4.4;74.0;renovação
80432693000120;RODOTREM 9 eixos;RYD8H68;RXW4J31;RXW4J51;RXW4I21;;BA,GO,MG;25.5;2.6;4.4;74.0;renovação
80432693000120;RODOTREM 9 eixos;RYD9A18;RYE9H88;RYF0B58;RYE9D78;;GO,MS;25.6;2.6;4.4;74.0;renovação
80432693000120;RODOTREM 9 eixos;RYD9A28;RXV2A51;RXV1H81;RXV1J21;;BA,GO,MS;25.4;2.6;4.4;74.0;renovação
80432693000120;RODOTREM 9 eixos;RYG2F47;RYG9A67;RYG9A87;RYG9A77;;GO;25.6;2.6;4.4;74.0;renovação
80432693000120;RODOTREM 9 eixos;RYP8F58;RYG9B07;RYG9B37;RYG9B17;;GO;25.6;2.6;4.4;74.0;renovação
80432693000120;RODOTREM 9 eixos;RYR6J88;RYG8I37;RYG8I57;RYG8I47;;GO;25.6;2.6;4.4;74.0;renovação
80432693000120;RODOTREM 9 eixos;RYS8G48;RYF0A48;RYF0C08;RYE9H18;;GO;25.6;2.6;4.4;74.0;renovação
80432693000120;RODOTREM 9 eixos;RYU3B76;RYE9I08;RYF2C08;RYE9C68;;GO;25.6;2.6;4.4;74.0;renovação
80432693000120;RODOTREM 9 eixos;RYU3J56;RYG9E47;RYG9A97;RYG8I67;;GO;25.7;2.6;4.4;74.0;renovação
80432693000120;RODOTREM 9 eixos;RYX0C38;RYE9J18;RYF0A88;RYE9C38;;GO;25.6;2.6;4.4;74.0;renovação
80432693000120;RODOTREM 9 eixos;RYX0C58;RXV1J71;RXV1H61;RXV1I71;;GO;25.6;2.6;4.4;74.0;renovação
80432693000120;RODOTREM 9 eixos;RYX0C68;RYQ8A81;RYQ8A11;RYQ8B21;;GO;27.4;2.6;4.4;74.0;renovação
80432693000120;RODOTREM 9 eixos;RYY5F08;RYG8J17;RYG8J37;RYG8J27;;GO;25.6;2.6;4.4;74.0;renovação
80432693000120;RODOTREM 9 eixos;SXF5G46;SXD6F55;SXD6F45;SXD6F05;;BA,GO,PE,PR,SP;25.3;2.6;4.4;74.0;renovação
80432693000120;RODOTREM 9 eixos;SXL2H47;SXI9A76;SXI9A96;SXI9B16;;GO;25.3;2.6;4.4;74.0;renovação
80432693000120;RODOTREM 9 eixos;SXL2H87;SXI8H66;SXI9D46;SXI9D96;;GO;25.3;2.6;4.4;74.0;renovação
80432693000120;RODOTREM 9 eixos;SXL2I07;SXI8G86;SXI8A06;SXI4H66;;GO;25.3;2.6;4.4;74.0;renovação
80432693000120;RODOTREM 9 eixos;SXL3A57;SXI9C76;SXI9C06;SXI9C16;;GO;25.3;2.6;4.4;74.0;renovação
80432693000120;RODOTREM 9 eixos;SXL3B07;SXI8J16;SXI8I06;SXI8I56;;GO;25.3;2.6;4.4;74.0;renovação
80432693000120;RODOTREM 9 eixos;RLI1J44;RLG5H44;RLG4E54;RLG3E94;;BA,DNIT,MG,PA,PE,PR,SP;25.6;2.6;4.4;74.0;renovação
80432693000120;RODOTREM 9 eixos;RLI2B04;RLG4D34;RLG3H44;RLG4C54;;BA,DNIT,MG,PA,PE,PR;25.6;2.6;4.4;74.0;renovação
80432693000120;RODOTREM 9 eixos;RLI2C64;RLK0D03;RLK0C53;RLK0C03;;BA,DNIT,MG,PR,SP;25.6;2.6;4.4;74.0;renovação
80432693000120;RODOTREM 9 eixos;RLI2D14;RLJ9I73;RLK1D63;RLJ9I43;;BA,DNIT,MG,PA,PE,PR,SP;25.6;2.6;4.4;74.0;renovação
80432693000120;RODOTREM 9 eixos;RXP0H78;RLI4F26;RLI3F16;RLI3F06;;GO,MG,PE,PR;25.6;2.6;4.4;74.0;renovação
80432693000120;RODOTREM 9 eixos;RXX7J99;RXX5F02;RXX5F52;RXX5C82;;BA,GO,MG;25.5;2.6;4.4;74.0;renovação
80432693000120;RODOTREM 9 eixos;RXX8D29;RYG8I77;RYG8J07;RYG8I87;;DNIT,MG,PE;25.6;2.6;4.4;74.0;renovação
80432693000120;RODOTREM 9 eixos;RXX8G69;RYE2H73;RYE0F23;RYE2G23;;BA,DNIT,MG,PE,PR;25.5;2.6;4.4;74.0;renovação
80432693000120;RODOTREM 9 eixos;RYD4I58;RXX5C42;RXX5E62;RXX5D42;;BA,MG;25.5;2.6;4.4;74.0;renovação
80432693000120;RODOTREM 9 eixos;RYD5C78;RXX5C02;RXX5G02;RXX5D22;;BA,MG;25.5;2.6;4.4;74.0;renovação
80432693000120;RODOTREM 9 eixos;RYD6E98;RXW4J11;RXW4J21;RXW4I11;;BA,GO,MG;25.5;2.6;4.4;74.0;renovação
80432693000120;RODOTREM 9 eixos;RYD6H38;RYE2I03;RYE2H23;RYE2G43;;BA,DNIT,GO,MG,PE,PR;25.5;2.6;4.4;74.0;renovação
80432693000120;RODOTREM 9 eixos;RYD6I68;RYD9G33;RYD9J13;RYD9I13;;BA,DNIT,GO,MG,PE,PR;25.5;2.6;4.4;74.0;renovação
80432693000120;RODOTREM 9 eixos;RYD6I88;RYD9F53;RYD9J73;RYD9E53;;BA,DNIT,GO,MG,PE,PR;25.5;2.6;4.4;74.0;renovação
80432693000120;RODOTREM 9 eixos;RYD6J28;RYE2I83;RYE2H33;RYE2G83;;BA,DNIT,GO,MG,PE,PR;25.5;2.6;4.4;74.0;renovação
80432693000120;RODOTREM 9 eixos;RYD6J68;RYE2I53;RYD7F13;RYE2G73;;BA,DNIT,GO,MG,PE,PR;25.5;2.6;4.4;74.0;renovação
80432693000120;RODOTREM 9 eixos;RYD6J78;RXX5C52;RXX5E32;RXX5E02;;BA,MG;25.5;2.6;4.4;74.0;renovação
80432693000120;RODOTREM 9 eixos;RYD8G78;RXX5B72;RXX5E82;RXX5D92;;BA,GO,MG;25.5;2.6;4.4;74.0;renovação
80432693000120;RODOTREM 9 eixos;RYD8H38;RYG9B87;RYG9C47;RYG9C17;;BA,DNIT,GO,MG,PE,PR;25.6;2.6;4.4;74.0;renovação
80432693000120;RODOTREM 9 eixos;RYD8H68;RXW4J31;RXW4J51;RXW4I21;;BA,GO,MG;25.5;2.6;4.4;74.0;renovação
80432693000120;RODOTREM 9 eixos;RYY3G75;REA-7J15;REA-7J35;REA-7J45;;BA,DNIT,MG,PA,PE,PR,SP;30;2.6;4.4;74.0;renovação
80432693000120;RODOTREM 9 eixos;RXX8D99;RXV-1J71;RXV-1H61;RXV-1I71;;MS;25.6;2.6;4.4;74.0;renovação
80432693000120;RODOTREM 9 eixos;RXX8F09;RXQ8B40;RXQ8C10;RXQ8J70;;MS;25.4;2.6;4.4;74.0;renovação
80432693000120;RODOTREM 9 eixos;RXX8F99;RYA2G19;RYA3E19;RYA4B79;;BA,MS;25.5;2.6;4.4;74.0;renovação
80432693000120;RODOTREM 9 eixos;RYC2D58;RYD5B37;RYD4H77;RYD4J47;;GO,MS;25.6;2.6;4.4;74.0;renovação
80432693000120;RODOTREM 9 eixos;RYD4H58;RYA0C79;RYA2J59;RYA4A19;;GO,MS;25.6;2.6;4.4;74.0;renovação
80432693000120;RODOTREM 9 eixos;RYD4I18;RXQ7A10;RXQ5I80;RXQ8I50;;DNIT,GO,MS;25.4;2.6;4.4;74.0;renovação
80432693000120;RODOTREM 9 eixos;RYD4I78;RXW4J61;RXW4J71;RXW4I41;;BA,GO,MS;25.6;2.6;4.4;74.0;renovação
80432693000120;RODOTREM 9 eixos;RYD4I88;RXQ7F60;RXQ7G10;RXQ8G90;;GO,MS;25.4;2.6;4.4;74.0;renovação
80432693000120;RODOTREM 9 eixos;RYD4J08;RYA0B79;RYA2I59;RYA3I39;;BA,GO,MS;25.5;2.6;4.4;74.0;renovação
80432693000120;RODOTREM 9 eixos;RYD5A48;RYA0A39;RYA2H49;RYA3H69;;BA,GO,MS;25.5;2.6;4.4;74.0;renovação
80432693000120;RODOTREM 9 eixos;RYD5B68;RYA0D19;RYA2J29;RYA3J79;;GO,MS;25.6;2.6;4.4;74.0;renovação
80432693000120;RODOTREM 9 eixos;RYD5C48;RYE9I88;RYF0B18;RYE9D18;;GO,MS;25.6;2.6;4.4;74.0;renovação
80432693000120;RODOTREM 9 eixos;RYD5D18;RYA0C59;RYA2I99;RYA3J09;;GO,MS;25.6;2.6;4.4;74.0;renovação
80432693000120;RODOTREM 9 eixos;RYD5D48;RXZ9J19;RYA2G79;RYA3F69;;GO,MS;25.6;2.6;4.4;74.0;renovação
80432693000120;RODOTREM 9 eixos;RYD5E98;RXZ9J89;RYA2H39;RYA3H19;;GO,MS;25.6;2.6;4.4;74.0;renovação
80432693000120;RODOTREM 9 eixos;RYD5I18;RXW4J81;RXW4J91;RXW4I51;;BA,GO,MS;25.6;2.6;4.4;74.0;renovação
80432693000120;RODOTREM 9 eixos;RYD6B68;RXZ9J39;RYA2G89;RYA3G19;;GO,MS;25.5;2.6;4.4;74.0;renovação
80432693000120;RODOTREM 9 eixos;RYD6B78;RXQ8D30;RXQ8E70;RXQ8G20;;GO,MS;25.4;2.6;4.4;74.0;renovação
80432693000120;RODOTREM 9 eixos;RYD6C28;RYF0A68;RYF0C28;RYE9H78;;GO,MS;25.6;2.6;4.4;74.0;renovação
80432693000120;RODOTREM 9 eixos;RYD6J38;RXQ7D50;RXQ7E80;RXQ8H70;;MS;25.4;2.6;4.4;74.0;renovação
80432693000120;RODOTREM 9 eixos;RYD7A18;RXZ8E59;RYA3E79;RYA4C09;;GO,MS;25.5;2.6;4.4;74.0;renovação
80432693000120;RODOTREM 9 eixos;RYD7B28;RXW4I61;RXW4I81;RXW4A11;;BA,GO,MS;25.6;2.6;4.4;74.0;renovação
80432693000120;RODOTREM 9 eixos;RYD7B48;RYA2F89;RYA3A99;RYA4B09;;GO,MS;25.6;2.6;4.4;74.0;renovação
80432693000120;RODOTREM 9 eixos;RYD9A18;RYE9H88;RYF0B58;RYE9D78;;GO,MS;25.6;2.6;4.4;74.0;renovação
80432693000120;RODOTREM 9 eixos;RYD9A28;RXV2A51;RXV1H81;RXV1J21;;BA,GO,MS;25.4;2.6;4.4;74.0;renovação
80432693000120;RODOTREM 9 eixos;RLG7G95;RLF0H15;RLF0F75;RLF0G65;;BA,DNIT,PA,PE,PR;25.6;2.6;4.4;74.0;renovação
80432693000120;RODOTREM 9 eixos;RLG9J65;RLG4G84;RLG4F74;RLG4G14;;BA,DNIT,PA,PE,PR;25.6;2.6;4.4;74.0;renovação
80432693000120;RODOTREM 9 eixos;RLH0A75;RLO1J15;RLO1I45;RLO1H95;;DNIT,PA,PR;25.6;2.6;4.4;74.0;renovação
80432693000120;RODOTREM 9 eixos;RLI1J44;RLG5H44;RLG4E54;RLG3E94;;BA,DNIT,MG,PA,PE,PR,SP;25.6;2.6;4.4;74.0;renovação
80432693000120;RODOTREM 9 eixos;RLI2B04;RLG4D34;RLG3H44;RLG4C54;;BA,DNIT,MG,PA,PE,PR;25.6;2.6;4.4;74.0;renovação
80432693000120;RODOTREM 9 eixos;RLI2D14;RLJ9I73;RLK1D63;RLJ9I43;;BA,DNIT,MG,PA,PE,PR,SP;25.6;2.6;4.4;74.0;renovação
80432693000120;RODOTREM 9 eixos;RYY3G75;REA-7J15;REA-7J35;REA-7J45;;BA,DNIT,MG,PA,PE,PR,SP;30;2.6;4.4;74.0;renovação
80432693000120;RODOTREM 9 eixos;RLG7G95;RLF0H15;RLF0F75;RLF0G65;;BA,DNIT,PA,PE,PR;25.6;2.6;4.4;74.0;renovação
80432693000120;RODOTREM 9 eixos;RLG9J65;RLG4G84;RLG4F74;RLG4G14;;BA,DNIT,PA,PE,PR;25.6;2.6;4.4;74.0;renovação
80432693000120;RODOTREM 9 eixos;RLI1J44;RLG5H44;RLG4E54;RLG3E94;;BA,DNIT,MG,PA,PE,PR,SP;25.6;2.6;4.4;74.0;renovação
80432693000120;RODOTREM 9 eixos;RLI2B04;RLG4D34;RLG3H44;RLG4C54;;BA,DNIT,MG,PA,PE,PR;25.6;2.6;4.4;74.0;renovação
80432693000120;RODOTREM 9 eixos;RLI2D14;RLJ9I73;RLK1D63;RLJ9I43;;BA,DNIT,MG,PA,PE,PR,SP;25.6;2.6;4.4;74.0;renovação
80432693000120;RODOTREM 9 eixos;RLJ4F26;RLI3J46;RLI1J06;RLI3J86;;BA,DNIT,GO,PE;25.6;2.6;4.4;74.0;renovação
80432693000120;RODOTREM 9 eixos;RLJ4F36;RLI3G56;RLI3J16;RLI3G96;;BA,DNIT,GO,PE;25.6;2.6;4.4;74.0;renovação
80432693000120;RODOTREM 9 eixos;RLJ4F46;RLI3F76;RLI3G46;RLI3G36;;BA,DNIT,GO,PE;25.6;2.6;4.4;74.0;renovação
80432693000120;RODOTREM 9 eixos;RLJ4F56;RLI3D26;RLI4C36;RLI4A46;;DNIT,GO,PE;25.6;2.6;4.4;74.0;renovação
80432693000120;RODOTREM 9 eixos;RXP0H48;RLI3F26;RLI3F56;RLI2E96;;GO,PE;25.6;2.6;4.4;74.0;renovação
80432693000120;RODOTREM 9 eixos;RXP0H78;RLI4F26;RLI3F16;RLI3F06;;GO,MG,PE,PR;25.6;2.6;4.4;74.0;renovação
80432693000120;RODOTREM 9 eixos;RXX8D29;RYG8I77;RYG8J07;RYG8I87;;DNIT,MG,PE;25.6;2.6;4.4;74.0;renovação
80432693000120;RODOTREM 9 eixos;RXX8G69;RYE2H73;RYE0F23;RYE2G23;;BA,DNIT,MG,PE,PR;25.5;2.6;4.4;74.0;renovação
80432693000120;RODOTREM 9 eixos;RYD6H38;RYE2I03;RYE2H23;RYE2G43;;BA,DNIT,GO,MG,PE,PR;25.5;2.6;4.4;74.0;renovação
80432693000120;RODOTREM 9 eixos;RYD6I68;RYD9G33;RYD9J13;RYD9I13;;BA,DNIT,GO,MG,PE,PR;25.5;2.6;4.4;74.0;renovação
80432693000120;RODOTREM 9 eixos;RYD6I88;RYD9F53;RYD9J73;RYD9E53;;BA,DNIT,GO,MG,PE,PR;25.5;2.6;4.4;74.0;renovação
80432693000120;RODOTREM 9 eixos;RYD6J28;RYE2I83;RYE2H33;RYE2G83;;BA,DNIT,GO,MG,PE,PR;25.5;2.6;4.4;74.0;renovação
80432693000120;RODOTREM 9 eixos;RYD6J68;RYE2I53;RYD7F13;RYE2G73;;BA,DNIT,GO,MG,PE,PR;25.5;2.6;4.4;74.0;renovação
80432693000120;RODOTREM 9 eixos;RYD8H38;RYG9B87;RYG9C47;RYG9C17;;BA,DNIT,GO,MG,PE,PR;25.6;2.6;4.4;74.0;renovação
80432693000120;RODOTREM 9 eixos;RYY3G75;REA-7J15;REA-7J35;REA-7J45;;BA,DNIT,MG,PA,PE,PR,SP;30;2.6;4.4;74.0;renovação
80432693000120;BITREM 9 eixos;SXC2A64;REA7F84;REA7F54;;;BA,DNIT,MG,PA,PE,PR,SP;26;2.6;4.4;74.0;renovação
80432693000120;RODOTREM 9 eixos;SXF5G46;SXD6F55;SXD6F45;SXD6F05;;BA,GO,PE,PR,SP;25.3;2.6;4.4;74.0;renovação
80432693000120;RODOTREM 9 eixos;RLG7G95;RLF0H15;RLF0F75;RLF0G65;;BA,DNIT,PA,PE,PR;25.6;2.6;4.4;74.0;renovação
80432693000120;RODOTREM 9 eixos;RLG9J65;RLG4G84;RLG4F74;RLG4G14;;BA,DNIT,PA,PE,PR;25.6;2.6;4.4;74.0;renovação
80432693000120;RODOTREM 9 eixos;RLH0A75;RLO1J15;RLO1I45;RLO1H95;;DNIT,PA,PR;25.6;2.6;4.4;74.0;renovação
80432693000120;RODOTREM 9 eixos;RLI1J44;RLG5H44;RLG4E54;RLG3E94;;BA,DNIT,MG,PA,PE,PR,SP;25.6;2.6;4.4;74.0;renovação
80432693000120;RODOTREM 9 eixos;RLI2B04;RLG4D34;RLG3H44;RLG4C54;;BA,DNIT,MG,PA,PE,PR;25.6;2.6;4.4;74.0;renovação
80432693000120;RODOTREM 9 eixos;RLI2C64;RLK0D03;RLK0C53;RLK0C03;;BA,DNIT,MG,PR,SP;25.6;2.6;4.4;74.0;renovação
80432693000120;RODOTREM 9 eixos;RLI2D14;RLJ9I73;RLK1D63;RLJ9I43;;BA,DNIT,MG,PA,PE,PR,SP;25.6;2.6;4.4;74.0;renovação
80432693000120;RODOTREM 9 eixos;RXP0H78;RLI4F26;RLI3F16;RLI3F06;;GO,MG,PE,PR;25.6;2.6;4.4;74.0;renovação
80432693000120;RODOTREM 9 eixos;RXX8F49;RYK6J32;RYK7A72;RYK7A42;;BA,DNIT,PR;25.5;2.6;4.4;74.0;renovação
80432693000120;RODOTREM 9 eixos;RXX8F89;RYK6E12;RYK6F52;RYK6E92;;BA,DNIT,PR;25.5;2.6;4.4;74.0;renovação
80432693000120;RODOTREM 9 eixos;RXX8G69;RYE2H73;RYE0F23;RYE2G23;;BA,DNIT,MG,PE,PR;25.5;2.6;4.4;74.0;renovação
80432693000120;RODOTREM 9 eixos;RYD5C18;RYK7B02;RYK7B82;RYK7B52;;DNIT,GO,PR;25.5;2.6;4.4;74.0;renovação
80432693000120;RODOTREM 9 eixos;RYD5D58;RYK6H02;RYK6I92;RYK6I12;;BA,DNIT,GO,PR;25.5;2.6;4.4;74.0;renovação
80432693000120;RODOTREM 9 eixos;RYD5G98;RYK7D12;RYK5C82;RYK7F42;;DNIT,GO,PR;25.5;2.6;4.4;74.0;renovação
80432693000120;RODOTREM 9 eixos;RYD6B28;RYK7G62;RYK7H12;RYK7G72;;DNIT,GO,PR;25.5;2.6;4.4;74.0;renovação
80432693000120;RODOTREM 9 eixos;RYD6H38;RYE2I03;RYE2H23;RYE2G43;;BA,DNIT,GO,MG,PE,PR;25.5;2.6;4.4;74.0;renovação
80432693000120;RODOTREM 9 eixos;RYD6I68;RYD9G33;RYD9J13;RYD9I13;;BA,DNIT,GO,MG,PE,PR;25.5;2.6;4.4;74.0;renovação
80432693000120;RODOTREM 9 eixos;RYD6I88;RYD9F53;RYD9J73;RYD9E53;;BA,DNIT,GO,MG,PE,PR;25.5;2.6;4.4;74.0;renovação
80432693000120;RODOTREM 9 eixos;RYD6J28;RYE2I83;RYE2H33;RYE2G83;;BA,DNIT,GO,MG,PE,PR;25.5;2.6;4.4;74.0;renovação
80432693000120;RODOTREM 9 eixos;RYD6J68;RYE2I53;RYD7F13;RYE2G73;;BA,DNIT,GO,MG,PE,PR;25.5;2.6;4.4;74.0;renovação
80432693000120;RODOTREM 9 eixos;RYD8H38;RYG9B87;RYG9C47;RYG9C17;;BA,DNIT,GO,MG,PE,PR;25.6;2.6;4.4;74.0;renovação
80432693000120;RODOTREM 9 eixos;RYY3G75;REA-7J15;REA-7J35;REA-7J45;;BA,DNIT,MG,PA,PE,PR,SP;30;2.6;4.4;74.0;renovação
80432693000120;RODOTREM 9 eixos;SXF5G46;SXD6F55;SXD6F45;SXD6F05;;BA,GO,PE,PR,SP;25.3;2.6;4.4;74.0;renovação
80432693000120;RODOTREM 9 eixos;RLI1J44;RLG5H44;RLG4E54;RLG3E94;;BA,DNIT,MG,PA,PE,PR,SP;25.6;2.6;4.4;74.0;renovação
80432693000120;RODOTREM 9 eixos;RLI2C64;RLK0D03;RLK0C53;RLK0C03;;BA,DNIT,MG,PR,SP;25.6;2.6;4.4;74.0;renovação
80432693000120;RODOTREM 9 eixos;RLI2D14;RLJ9I73;RLK1D63;RLJ9I43;;BA,DNIT,MG,PA,PE,PR,SP;25.6;2.6;4.4;74.0;renovação
80432693000120;RODOTREM 9 eixos;RYY3G75;REA-7J15;REA-7J35;REA-7J45;;BA,DNIT,MG,PA,PE,PR,SP;30;2.6;4.4;74.0;renovação
80432693000120;RODOTREM 9 eixos;SXF5G46;SXD6F55;SXD6F45;SXD6F05;;BA,GO,PE,PR,SP;25.3;2.6;4.4;74.0;renovação
